fund,symbol,name,cusip,weight,shares,market_value,holdings_date,source_url
HLAL,A,Agilent Technologies Inc,00846U101,0.10,6760,967491.2,2026-09-11,https://docs.google.com/spreadsheets/d/1UC1Bk67bGuYsos_i8y_HQpNoHpVHAvqf71MbgrafJOQ/export?format=csv&gid=0
HLAL,AAPL,Apple Inc,,12.01,346081,113019672.2,2026-09-11,https://docs.google.com/spreadsheets/d/1UC1Bk67bGuYsos_i8y_HQpNoHpVHAvqf71MbgrafJOQ/export?format=csv&gid=0
HLAL,ABT,Abbott Laboratories,,0.46,41476,4286959.36,2026-09-11,https://docs.google.com/spreadsheets/d/1UC1Bk67bGuYsos_i8y_HQpNoHpVHAvqf71MbgrafJOQ/export?format=csv&gid=0
HLAL,ADBE,Adobe Inc,00724F101,0.26,9669,2405937.27,2026-09-11,https://docs.google.com/spreadsheets/d/1UC1Bk67bGuYsos_i8y_HQpNoHpVHAvqf71MbgrafJOQ/export?format=csv&gid=0
HLAL,ADI,Analog Devices Inc,,0.45,11683,4220483.75,2026-09-11,https://docs.google.com/spreadsheets/d/1UC1Bk67bGuYsos_i8y_HQpNoHpVHAvqf71MbgrafJOQ/export?format=csv&gid=0
HLAL,ADM,Archer-Daniels-Midland Co,,0.11,11480,997726.8,2026-09-11,https://docs.google.com/spreadsheets/d/1UC1Bk67bGuYsos_i8y_HQpNoHpVHAvqf71MbgrafJOQ/export?format=csv&gid=0
HLAL,ADSK,Autodesk Inc,,0.11,5051,1068842.11,2026-09-11,https://docs.google.com/spreadsheets/d/1UC1Bk67bGuYsos_i8y_HQpNoHpVHAvqf71MbgrafJOQ/export?format=csv&gid=0
HLAL,AMAT,Applied Materials Inc,,0.92,18974,8614385.74,2026-09-11,https://docs.google.com/spreadsheets/d/1UC1Bk67bGuYsos_i8y_HQpNoHpVHAvqf71MbgrafJOQ/export?format=csv&gid=0
HLAL,AMD,Advanced Micro Devices Inc,,2.08,38932,19606155.2,2026-09-11,https://docs.google.com/spreadsheets/d/1UC1Bk67bGuYsos_i8y_HQpNoHpVHAvqf71MbgrafJOQ/export?format=csv&gid=0
HLAL,APTV,Aptiv PLC,G3265R107,0.03,5565,254264.85,2026-09-11,https://docs.google.com/spreadsheets/d/1UC1Bk67bGuYsos_i8y_HQpNoHpVHAvqf71MbgrafJOQ/export?format=csv&gid=0
HLAL,ATO,Atmos Energy Corp,,0.07,4178,688576.18,2026-09-11,https://docs.google.com/spreadsheets/d/1UC1Bk67bGuYsos_i8y_HQpNoHpVHAvqf71MbgrafJOQ/export?format=csv&gid=0
HLAL,AVGO,Broadcom Inc,11135F101,4.27,111357,40180946.31,2026-09-11,https://docs.google.com/spreadsheets/d/1UC1Bk67bGuYsos_i8y_HQpNoHpVHAvqf71MbgrafJOQ/export?format=csv&gid=0
HLAL,AXON,Axon Enterprise Inc,05464C101,0.09,1847,884435.95,2026-09-11,https://docs.google.com/spreadsheets/d/1UC1Bk67bGuYsos_i8y_HQpNoHpVHAvqf71MbgrafJOQ/export?format=csv&gid=0
HLAL,BIIB,Biogen Inc,09062X103,0.09,3717,800753.31,2026-09-11,https://docs.google.com/spreadsheets/d/1UC1Bk67bGuYsos_i8y_HQpNoHpVHAvqf71MbgrafJOQ/export?format=csv&gid=0
HLAL,BKR,Baker Hughes Co,05722G100,0.15,23762,1411462.8,2026-09-11,https://docs.google.com/spreadsheets/d/1UC1Bk67bGuYsos_i8y_HQpNoHpVHAvqf71MbgrafJOQ/export?format=csv&gid=0
HLAL,BSX,Boston Scientific Corp,101137107,0.16,35492,1529705.2,2026-09-11,https://docs.google.com/spreadsheets/d/1UC1Bk67bGuYsos_i8y_HQpNoHpVHAvqf71MbgrafJOQ/export?format=csv&gid=0
HLAL,BURL,Burlington Stores Inc,122017106,0.04,1552,369438.08,2026-09-11,https://docs.google.com/spreadsheets/d/1UC1Bk67bGuYsos_i8y_HQpNoHpVHAvqf71MbgrafJOQ/export?format=csv&gid=0
HLAL,CAH,Cardinal Health Inc,14149Y108,0.14,5601,1321948.02,2026-09-11,https://docs.google.com/spreadsheets/d/1UC1Bk67bGuYsos_i8y_HQpNoHpVHAvqf71MbgrafJOQ/export?format=csv&gid=0
HLAL,CARR,Carrier Global Corp,14448C104,0.11,18688,1058488.32,2026-09-11,https://docs.google.com/spreadsheets/d/1UC1Bk67bGuYsos_i8y_HQpNoHpVHAvqf71MbgrafJOQ/export?format=csv&gid=0
HLAL,CBRE,CBRE Group Inc,12504L109,0.10,6987,964136.13,2026-09-11,https://docs.google.com/spreadsheets/d/1UC1Bk67bGuYsos_i8y_HQpNoHpVHAvqf71MbgrafJOQ/export?format=csv&gid=0
HLAL,CDNS,Cadence Design Systems Inc,127387108,0.20,6598,1880100.1,2026-09-11,https://docs.google.com/spreadsheets/d/1UC1Bk67bGuYsos_i8y_HQpNoHpVHAvqf71MbgrafJOQ/export?format=csv&gid=0
HLAL,CDW,CDW Corp/DE,12514G108,0.05,3303,471007.8,2026-09-11,https://docs.google.com/spreadsheets/d/1UC1Bk67bGuYsos_i8y_HQpNoHpVHAvqf71MbgrafJOQ/export?format=csv&gid=0
HLAL,CHD,Church & Dwight Co Inc,171340102,0.06,5665,532170.1,2026-09-11,https://docs.google.com/spreadsheets/d/1UC1Bk67bGuYsos_i8y_HQpNoHpVHAvqf71MbgrafJOQ/export?format=csv&gid=0
HLAL,CIEN,Ciena Corp,171779309,0.12,3366,1126128.96,2026-09-11,https://docs.google.com/spreadsheets/d/1UC1Bk67bGuYsos_i8y_HQpNoHpVHAvqf71MbgrafJOQ/export?format=csv&gid=0
HLAL,CMI,Cummins Inc,231021106,0.19,3304,1817299.12,2026-09-11,https://docs.google.com/spreadsheets/d/1UC1Bk67bGuYsos_i8y_HQpNoHpVHAvqf71MbgrafJOQ/export?format=csv&gid=0
HLAL,COHR,Coherent Corp,19247G107,0.13,4210,1234245.7,2026-09-11,https://docs.google.com/spreadsheets/d/1UC1Bk67bGuYsos_i8y_HQpNoHpVHAvqf71MbgrafJOQ/export?format=csv&gid=0
HLAL,COO,Cooper Cos Inc/The,216648501,0.03,5060,274100.2,2026-09-11,https://docs.google.com/spreadsheets/d/1UC1Bk67bGuYsos_i8y_HQpNoHpVHAvqf71MbgrafJOQ/export?format=csv&gid=0
HLAL,COP,ConocoPhillips,20825C104,0.43,29191,4000334.64,2026-09-11,https://docs.google.com/spreadsheets/d/1UC1Bk67bGuYsos_i8y_HQpNoHpVHAvqf71MbgrafJOQ/export?format=csv&gid=0
HLAL,COR,Cencora Inc,,0.15,4467,1433683.65,2026-09-11,https://docs.google.com/spreadsheets/d/1UC1Bk67bGuYsos_i8y_HQpNoHpVHAvqf71MbgrafJOQ/export?format=csv&gid=0
HLAL,CRH,CRH PLC,G25508105,0.15,15999,1402472.34,2026-09-11,https://docs.google.com/spreadsheets/d/1UC1Bk67bGuYsos_i8y_HQpNoHpVHAvqf71MbgrafJOQ/export?format=csv&gid=0
HLAL,CRM,Salesforce Inc,79466L302,0.49,19024,4622832,2026-09-11,https://docs.google.com/spreadsheets/d/1UC1Bk67bGuYsos_i8y_HQpNoHpVHAvqf71MbgrafJOQ/export?format=csv&gid=0
HLAL,CSCO,Cisco Systems Inc,17275R102,1.08,94570,10160600.8,2026-09-11,https://docs.google.com/spreadsheets/d/1UC1Bk67bGuYsos_i8y_HQpNoHpVHAvqf71MbgrafJOQ/export?format=csv&gid=0
HLAL,CSGP,CoStar Group Inc,22160N109,0.03,10798,318433.02,2026-09-11,https://docs.google.com/spreadsheets/d/1UC1Bk67bGuYsos_i8y_HQpNoHpVHAvqf71MbgrafJOQ/export?format=csv&gid=0
HLAL,CTAS,Cintas Corp,,0.17,8160,1619270.4,2026-09-11,https://docs.google.com/spreadsheets/d/1UC1Bk67bGuYsos_i8y_HQpNoHpVHAvqf71MbgrafJOQ/export?format=csv&gid=0
HLAL,CTVA,Corteva Inc,22052L104,0.14,16083,1358852.67,2026-09-11,https://docs.google.com/spreadsheets/d/1UC1Bk67bGuYsos_i8y_HQpNoHpVHAvqf71MbgrafJOQ/export?format=csv&gid=0
HLAL,CVNA,Carvana Co,146869102,0.12,16466,1157230.48,2026-09-11,https://docs.google.com/spreadsheets/d/1UC1Bk67bGuYsos_i8y_HQpNoHpVHAvqf71MbgrafJOQ/export?format=csv&gid=0
HLAL,CVX,Chevron Corp,,1.00,44409,9448458.84,2026-09-11,https://docs.google.com/spreadsheets/d/1UC1Bk67bGuYsos_i8y_HQpNoHpVHAvqf71MbgrafJOQ/export?format=csv&gid=0
HLAL,DAL,Delta Air Lines Inc,,0.03,4130,323131.2,2026-09-11,https://docs.google.com/spreadsheets/d/1UC1Bk67bGuYsos_i8y_HQpNoHpVHAvqf71MbgrafJOQ/export?format=csv&gid=0
HLAL,DD,DuPont de Nemours Inc,26614N201,0.05,3507.333333,446553.68,2026-09-11,https://docs.google.com/spreadsheets/d/1UC1Bk67bGuYsos_i8y_HQpNoHpVHAvqf71MbgrafJOQ/export?format=csv&gid=0
HLAL,DELL,Dell Technologies Inc,24703L202,0.39,7200,3647664,2026-09-11,https://docs.google.com/spreadsheets/d/1UC1Bk67bGuYsos_i8y_HQpNoHpVHAvqf71MbgrafJOQ/export?format=csv&gid=0
HLAL,DGX,Quest Diagnostics Inc,74834L100,0.06,2643,610903.02,2026-09-11,https://docs.google.com/spreadsheets/d/1UC1Bk67bGuYsos_i8y_HQpNoHpVHAvqf71MbgrafJOQ/export?format=csv&gid=0
HLAL,DHI,DR Horton Inc,23331A109,0.09,6014,815317.98,2026-09-11,https://docs.google.com/spreadsheets/d/1UC1Bk67bGuYsos_i8y_HQpNoHpVHAvqf71MbgrafJOQ/export?format=csv&gid=0
HLAL,DHR,Danaher Corp,235851102,0.32,15126,3033216.78,2026-09-11,https://docs.google.com/spreadsheets/d/1UC1Bk67bGuYsos_i8y_HQpNoHpVHAvqf71MbgrafJOQ/export?format=csv&gid=0
HLAL,DLR,Digital Realty Trust Inc,253868103,0.16,8368,1551176.16,2026-09-11,https://docs.google.com/spreadsheets/d/1UC1Bk67bGuYsos_i8y_HQpNoHpVHAvqf71MbgrafJOQ/export?format=csv&gid=0
HLAL,DLTR,Dollar Tree Inc,256746108,0.06,4670,554142.2,2026-09-11,https://docs.google.com/spreadsheets/d/1UC1Bk67bGuYsos_i8y_HQpNoHpVHAvqf71MbgrafJOQ/export?format=csv&gid=0
HLAL,DOCU,Docusign Inc,256163106,0.04,5043,331829.4,2026-09-11,https://docs.google.com/spreadsheets/d/1UC1Bk67bGuYsos_i8y_HQpNoHpVHAvqf71MbgrafJOQ/export?format=csv&gid=0
HLAL,DOV,Dover Corp,260003108,0.07,3381,633497.97,2026-09-11,https://docs.google.com/spreadsheets/d/1UC1Bk67bGuYsos_i8y_HQpNoHpVHAvqf71MbgrafJOQ/export?format=csv&gid=0
HLAL,DOW,Dow Inc,260557103,0.05,17246,511171.44,2026-09-11,https://docs.google.com/spreadsheets/d/1UC1Bk67bGuYsos_i8y_HQpNoHpVHAvqf71MbgrafJOQ/export?format=csv&gid=0
HLAL,DVN,Devon Energy Corp,25179M103,0.14,26977,1349389.54,2026-09-11,https://docs.google.com/spreadsheets/d/1UC1Bk67bGuYsos_i8y_HQpNoHpVHAvqf71MbgrafJOQ/export?format=csv&gid=0
HLAL,EBAY,eBay Inc,,0.12,10636,1117099.08,2026-09-11,https://docs.google.com/spreadsheets/d/1UC1Bk67bGuYsos_i8y_HQpNoHpVHAvqf71MbgrafJOQ/export?format=csv&gid=0
HLAL,ECL,Ecolab Inc,278865100,0.17,5935,1611946,2026-09-11,https://docs.google.com/spreadsheets/d/1UC1Bk67bGuYsos_i8y_HQpNoHpVHAvqf71MbgrafJOQ/export?format=csv&gid=0
HLAL,EL,Estee Lauder Cos Inc/The,,0.06,5905,569655.35,2026-09-11,https://docs.google.com/spreadsheets/d/1UC1Bk67bGuYsos_i8y_HQpNoHpVHAvqf71MbgrafJOQ/export?format=csv&gid=0
HLAL,EMR,Emerson Electric Co,291011104,0.21,13445,1994834.65,2026-09-11,https://docs.google.com/spreadsheets/d/1UC1Bk67bGuYsos_i8y_HQpNoHpVHAvqf71MbgrafJOQ/export?format=csv&gid=0
HLAL,EOG,EOG Resources Inc,26875P101,0.20,12815,1889699.9,2026-09-11,https://docs.google.com/spreadsheets/d/1UC1Bk67bGuYsos_i8y_HQpNoHpVHAvqf71MbgrafJOQ/export?format=csv&gid=0
HLAL,EW,Edwards Lifesciences Corp,,0.13,13643,1183803.11,2026-09-11,https://docs.google.com/spreadsheets/d/1UC1Bk67bGuYsos_i8y_HQpNoHpVHAvqf71MbgrafJOQ/export?format=csv&gid=0
HLAL,EXE,Expand Energy Corp,,0.06,5873,568917.51,2026-09-11,https://docs.google.com/spreadsheets/d/1UC1Bk67bGuYsos_i8y_HQpNoHpVHAvqf71MbgrafJOQ/export?format=csv&gid=0
HLAL,EXPD,Expeditors International of Washington Inc,,0.07,3428,648988.96,2026-09-11,https://docs.google.com/spreadsheets/d/1UC1Bk67bGuYsos_i8y_HQpNoHpVHAvqf71MbgrafJOQ/export?format=csv&gid=0
HLAL,FAST,Fastenal Co,,0.14,27493,1347431.93,2026-09-11,https://docs.google.com/spreadsheets/d/1UC1Bk67bGuYsos_i8y_HQpNoHpVHAvqf71MbgrafJOQ/export?format=csv&gid=0
HLAL,FDX,FedEx Corp,31428X106,0.17,5240,1633832,2026-09-11,https://docs.google.com/spreadsheets/d/1UC1Bk67bGuYsos_i8y_HQpNoHpVHAvqf71MbgrafJOQ/export?format=csv&gid=0
HLAL,FDXF,Fedex Freight Holding Co Inc,314352105,0.04,2806,348000.12,2026-09-11,https://docs.google.com/spreadsheets/d/1UC1Bk67bGuYsos_i8y_HQpNoHpVHAvqf71MbgrafJOQ/export?format=csv&gid=0
HLAL,FERG,Ferguson Enterprises Inc,31488V107,0.11,4577,1011379.69,2026-09-11,https://docs.google.com/spreadsheets/d/1UC1Bk67bGuYsos_i8y_HQpNoHpVHAvqf71MbgrafJOQ/export?format=csv&gid=0
HLAL,FFIV,F5 Inc,,0.06,1433,571021.84,2026-09-11,https://docs.google.com/spreadsheets/d/1UC1Bk67bGuYsos_i8y_HQpNoHpVHAvqf71MbgrafJOQ/export?format=csv&gid=0
HLAL,FIX,Comfort Systems USA Inc,,0.14,844,1342643.64,2026-09-11,https://docs.google.com/spreadsheets/d/1UC1Bk67bGuYsos_i8y_HQpNoHpVHAvqf71MbgrafJOQ/export?format=csv&gid=0
HLAL,FLEX,Flex Ltd,Y2573F102,0.10,8762,946383.62,2026-09-11,https://docs.google.com/spreadsheets/d/1UC1Bk67bGuYsos_i8y_HQpNoHpVHAvqf71MbgrafJOQ/export?format=csv&gid=0
HLAL,FSLR,First Solar Inc,336433107,0.05,2432,503837.44,2026-09-11,https://docs.google.com/spreadsheets/d/1UC1Bk67bGuYsos_i8y_HQpNoHpVHAvqf71MbgrafJOQ/export?format=csv&gid=0
HLAL,FTV,Fortive Corp,34959J108,0.05,7812,425832.12,2026-09-11,https://docs.google.com/spreadsheets/d/1UC1Bk67bGuYsos_i8y_HQpNoHpVHAvqf71MbgrafJOQ/export?format=csv&gid=0
HLAL,FWONA,Liberty Media Corp-Liberty Formula One,531229771,0.01,590,51324.1,2026-09-11,https://docs.google.com/spreadsheets/d/1UC1Bk67bGuYsos_i8y_HQpNoHpVHAvqf71MbgrafJOQ/export?format=csv&gid=0
HLAL,FWONK,Liberty Media Corp-Liberty Formula One,531229755,0.06,5444,519575.36,2026-09-11,https://docs.google.com/spreadsheets/d/1UC1Bk67bGuYsos_i8y_HQpNoHpVHAvqf71MbgrafJOQ/export?format=csv&gid=0
HLAL,GDDY,GoDaddy Inc,380237107,0.04,3430,330549.1,2026-09-11,https://docs.google.com/spreadsheets/d/1UC1Bk67bGuYsos_i8y_HQpNoHpVHAvqf71MbgrafJOQ/export?format=csv&gid=0
HLAL,GEHC,GE HealthCare Technologies Inc,36266G107,0.07,10868,698160.32,2026-09-11,https://docs.google.com/spreadsheets/d/1UC1Bk67bGuYsos_i8y_HQpNoHpVHAvqf71MbgrafJOQ/export?format=csv&gid=0
HLAL,GEV,GE Vernova Inc,36828A101,0.62,6330,5848350.3,2026-09-11,https://docs.google.com/spreadsheets/d/1UC1Bk67bGuYsos_i8y_HQpNoHpVHAvqf71MbgrafJOQ/export?format=csv&gid=0
HLAL,GFS,GLOBALFOUNDRIES Inc,G39387108,0.01,2980,136960.8,2026-09-11,https://docs.google.com/spreadsheets/d/1UC1Bk67bGuYsos_i8y_HQpNoHpVHAvqf71MbgrafJOQ/export?format=csv&gid=0
HLAL,GILD,Gilead Sciences Inc,375558103,0.46,29737,4306214.97,2026-09-11,https://docs.google.com/spreadsheets/d/1UC1Bk67bGuYsos_i8y_HQpNoHpVHAvqf71MbgrafJOQ/export?format=csv&gid=0
HLAL,GLW,Corning Inc,219350105,0.32,18357,2994393.84,2026-09-11,https://docs.google.com/spreadsheets/d/1UC1Bk67bGuYsos_i8y_HQpNoHpVHAvqf71MbgrafJOQ/export?format=csv&gid=0
HLAL,GOOG,Alphabet Inc,02079K107,4.00,113811,37602016.29,2026-09-11,https://docs.google.com/spreadsheets/d/1UC1Bk67bGuYsos_i8y_HQpNoHpVHAvqf71MbgrafJOQ/export?format=csv&gid=0
HLAL,GOOGL,Alphabet Inc,02079K305,4.93,139476,46389717.6,2026-09-11,https://docs.google.com/spreadsheets/d/1UC1Bk67bGuYsos_i8y_HQpNoHpVHAvqf71MbgrafJOQ/export?format=csv&gid=0
HLAL,GPC,Genuine Parts Co,372460105,0.05,3449,462717.84,2026-09-11,https://docs.google.com/spreadsheets/d/1UC1Bk67bGuYsos_i8y_HQpNoHpVHAvqf71MbgrafJOQ/export?format=csv&gid=0
HLAL,GRMN,Garmin Ltd,H2906T109,0.11,3930,1066238.48,2026-09-11,https://docs.google.com/spreadsheets/d/1UC1Bk67bGuYsos_i8y_HQpNoHpVHAvqf71MbgrafJOQ/export?format=csv&gid=0
HLAL,GWW,WW Grainger Inc,384802104,0.14,1041,1323621.09,2026-09-11,https://docs.google.com/spreadsheets/d/1UC1Bk67bGuYsos_i8y_HQpNoHpVHAvqf71MbgrafJOQ/export?format=csv&gid=0
HLAL,HAL,Halliburton Co,406216101,0.08,19940,719235.8,2026-09-11,https://docs.google.com/spreadsheets/d/1UC1Bk67bGuYsos_i8y_HQpNoHpVHAvqf71MbgrafJOQ/export?format=csv&gid=0
HLAL,HPE,Hewlett Packard Enterprise Co,42824C109,0.19,31695,1750197.9,2026-09-11,https://docs.google.com/spreadsheets/d/1UC1Bk67bGuYsos_i8y_HQpNoHpVHAvqf71MbgrafJOQ/export?format=csv&gid=0
HLAL,HPQ,HP Inc,40434L105,0.08,21874,715936.02,2026-09-11,https://docs.google.com/spreadsheets/d/1UC1Bk67bGuYsos_i8y_HQpNoHpVHAvqf71MbgrafJOQ/export?format=csv&gid=0
HLAL,HSY,Hershey Co/The,427866108,0.06,3497,609666.98,2026-09-11,https://docs.google.com/spreadsheets/d/1UC1Bk67bGuYsos_i8y_HQpNoHpVHAvqf71MbgrafJOQ/export?format=csv&gid=0
HLAL,HUBB,Hubbell Inc,443510607,0.06,1284,580894.44,2026-09-11,https://docs.google.com/spreadsheets/d/1UC1Bk67bGuYsos_i8y_HQpNoHpVHAvqf71MbgrafJOQ/export?format=csv&gid=0
HLAL,IDXX,IDEXX Laboratories Inc,45168D104,0.10,1890,957341.7,2026-09-11,https://docs.google.com/spreadsheets/d/1UC1Bk67bGuYsos_i8y_HQpNoHpVHAvqf71MbgrafJOQ/export?format=csv&gid=0
HLAL,IEX,IDEX Corp,45167R104,0.04,1865,413022.9,2026-09-11,https://docs.google.com/spreadsheets/d/1UC1Bk67bGuYsos_i8y_HQpNoHpVHAvqf71MbgrafJOQ/export?format=csv&gid=0
HLAL,IFF,International Flavors & Fragrances Inc,459506101,0.06,6620,556411,2026-09-11,https://docs.google.com/spreadsheets/d/1UC1Bk67bGuYsos_i8y_HQpNoHpVHAvqf71MbgrafJOQ/export?format=csv&gid=0
HLAL,ILMN,Illumina Inc,452327109,0.08,3633,731213.91,2026-09-11,https://docs.google.com/spreadsheets/d/1UC1Bk67bGuYsos_i8y_HQpNoHpVHAvqf71MbgrafJOQ/export?format=csv&gid=0
HLAL,INTC,Intel Corp,458140100,1.12,104967,10530289.44,2026-09-11,https://docs.google.com/spreadsheets/d/1UC1Bk67bGuYsos_i8y_HQpNoHpVHAvqf71MbgrafJOQ/export?format=csv&gid=0
HLAL,IP,International Paper Co,460146103,0.05,13120,449884.8,2026-09-11,https://docs.google.com/spreadsheets/d/1UC1Bk67bGuYsos_i8y_HQpNoHpVHAvqf71MbgrafJOQ/export?format=csv&gid=0
HLAL,IR,Ingersoll Rand Inc,45687V106,0.07,9368,684707.12,2026-09-11,https://docs.google.com/spreadsheets/d/1UC1Bk67bGuYsos_i8y_HQpNoHpVHAvqf71MbgrafJOQ/export?format=csv&gid=0
HLAL,ISRG,Intuitive Surgical Inc,46120E602,0.32,8437,3041201.02,2026-09-11,https://docs.google.com/spreadsheets/d/1UC1Bk67bGuYsos_i8y_HQpNoHpVHAvqf71MbgrafJOQ/export?format=csv&gid=0
HLAL,IT,Gartner Inc,366651107,0.03,1843,314452.66,2026-09-11,https://docs.google.com/spreadsheets/d/1UC1Bk67bGuYsos_i8y_HQpNoHpVHAvqf71MbgrafJOQ/export?format=csv&gid=0
HLAL,J,Jacobs Solutions Inc,46982L108,0.05,3056,429459.68,2026-09-11,https://docs.google.com/spreadsheets/d/1UC1Bk67bGuYsos_i8y_HQpNoHpVHAvqf71MbgrafJOQ/export?format=csv&gid=0
HLAL,JBHT,JB Hunt Transport Services Inc,445658107,0.06,1958,524411.14,2026-09-11,https://docs.google.com/spreadsheets/d/1UC1Bk67bGuYsos_i8y_HQpNoHpVHAvqf71MbgrafJOQ/export?format=csv&gid=0
HLAL,JCI,Johnson Controls International plc,G51502105,0.22,14652,2092452.12,2026-09-11,https://docs.google.com/spreadsheets/d/1UC1Bk67bGuYsos_i8y_HQpNoHpVHAvqf71MbgrafJOQ/export?format=csv&gid=0
HLAL,JNJ,Johnson & Johnson,478160104,1.63,57675,15361736.25,2026-09-11,https://docs.google.com/spreadsheets/d/1UC1Bk67bGuYsos_i8y_HQpNoHpVHAvqf71MbgrafJOQ/export?format=csv&gid=0
HLAL,KDP,Keurig Dr Pepper Inc,49271V100,0.10,31015,975731.9,2026-09-11,https://docs.google.com/spreadsheets/d/1UC1Bk67bGuYsos_i8y_HQpNoHpVHAvqf71MbgrafJOQ/export?format=csv&gid=0
HLAL,KLAC,KLA CORP,482480100,0.58,30901,5475039.18,2026-09-11,https://docs.google.com/spreadsheets/d/1UC1Bk67bGuYsos_i8y_HQpNoHpVHAvqf71MbgrafJOQ/export?format=csv&gid=0
HLAL,KO,Coca-Cola Co/The,191216100,0.87,93032,8171000.56,2026-09-11,https://docs.google.com/spreadsheets/d/1UC1Bk67bGuYsos_i8y_HQpNoHpVHAvqf71MbgrafJOQ/export?format=csv&gid=0
HLAL,KVUE,Kenvue Inc,49177J102,0.09,45377,807256.83,2026-09-11,https://docs.google.com/spreadsheets/d/1UC1Bk67bGuYsos_i8y_HQpNoHpVHAvqf71MbgrafJOQ/export?format=csv&gid=0
HLAL,LEN,Lennar Corp,526057104,0.04,5205,405469.5,2026-09-11,https://docs.google.com/spreadsheets/d/1UC1Bk67bGuYsos_i8y_HQpNoHpVHAvqf71MbgrafJOQ/export?format=csv&gid=0
HLAL,LEN/B,Lennar Corp,526057302,0.00,215,16460.4,2026-09-11,https://docs.google.com/spreadsheets/d/1UC1Bk67bGuYsos_i8y_HQpNoHpVHAvqf71MbgrafJOQ/export?format=csv&gid=0
HLAL,LH,Labcorp Holdings Inc,504922105,0.07,2137,655973.52,2026-09-11,https://docs.google.com/spreadsheets/d/1UC1Bk67bGuYsos_i8y_HQpNoHpVHAvqf71MbgrafJOQ/export?format=csv&gid=0
HLAL,LIN,Linde PLC,G54950103,0.54,11037,5094899.94,2026-09-11,https://docs.google.com/spreadsheets/d/1UC1Bk67bGuYsos_i8y_HQpNoHpVHAvqf71MbgrafJOQ/export?format=csv&gid=0
HLAL,LLY,Eli Lilly & Co,532457108,2.26,18964,21296572,2026-09-11,https://docs.google.com/spreadsheets/d/1UC1Bk67bGuYsos_i8y_HQpNoHpVHAvqf71MbgrafJOQ/export?format=csv&gid=0
HLAL,LRCX,Lam Research Corp,512807306,0.95,29914,8914671.14,2026-09-11,https://docs.google.com/spreadsheets/d/1UC1Bk67bGuYsos_i8y_HQpNoHpVHAvqf71MbgrafJOQ/export?format=csv&gid=0
HLAL,LULU,Lululemon Athletica Inc,550021109,0.03,2606,252469.28,2026-09-11,https://docs.google.com/spreadsheets/d/1UC1Bk67bGuYsos_i8y_HQpNoHpVHAvqf71MbgrafJOQ/export?format=csv&gid=0
HLAL,LUV,Southwest Airlines Co,844741108,0.01,3068,118700.92,2026-09-11,https://docs.google.com/spreadsheets/d/1UC1Bk67bGuYsos_i8y_HQpNoHpVHAvqf71MbgrafJOQ/export?format=csv&gid=0
HLAL,LYB,LyondellBasell Industries NV,N53745100,0.05,6845,440133.5,2026-09-11,https://docs.google.com/spreadsheets/d/1UC1Bk67bGuYsos_i8y_HQpNoHpVHAvqf71MbgrafJOQ/export?format=csv&gid=0
HLAL,MCK,McKesson Corp,58155Q103,0.27,2933,2583562.38,2026-09-11,https://docs.google.com/spreadsheets/d/1UC1Bk67bGuYsos_i8y_HQpNoHpVHAvqf71MbgrafJOQ/export?format=csv&gid=0
HLAL,MDLN,Medline Inc,58507V107,0.04,11799,382169.61,2026-09-11,https://docs.google.com/spreadsheets/d/1UC1Bk67bGuYsos_i8y_HQpNoHpVHAvqf71MbgrafJOQ/export?format=csv&gid=0
HLAL,MDLZ,Mondelez International Inc,609207105,0.20,30729,1919640.63,2026-09-11,https://docs.google.com/spreadsheets/d/1UC1Bk67bGuYsos_i8y_HQpNoHpVHAvqf71MbgrafJOQ/export?format=csv&gid=0
HLAL,MDT,Medtronic PLC,G5960L103,0.30,30703,2813008.86,2026-09-11,https://docs.google.com/spreadsheets/d/1UC1Bk67bGuYsos_i8y_HQpNoHpVHAvqf71MbgrafJOQ/export?format=csv&gid=0
HLAL,META,Meta Platforms Inc,30303M102,3.60,52616,33904698.08,2026-09-11,https://docs.google.com/spreadsheets/d/1UC1Bk67bGuYsos_i8y_HQpNoHpVHAvqf71MbgrafJOQ/export?format=csv&gid=0
HLAL,MKC,McCormick & Co Inc/MD,579780206,0.04,6542,334296.2,2026-09-11,https://docs.google.com/spreadsheets/d/1UC1Bk67bGuYsos_i8y_HQpNoHpVHAvqf71MbgrafJOQ/export?format=csv&gid=0
HLAL,MLM,Martin Marietta Materials Inc,573284106,0.08,1483,745163.01,2026-09-11,https://docs.google.com/spreadsheets/d/1UC1Bk67bGuYsos_i8y_HQpNoHpVHAvqf71MbgrafJOQ/export?format=csv&gid=0
HLAL,MMM,3M Co,88579Y101,0.22,12499,2035587.14,2026-09-11,https://docs.google.com/spreadsheets/d/1UC1Bk67bGuYsos_i8y_HQpNoHpVHAvqf71MbgrafJOQ/export?format=csv&gid=0
HLAL,MNST,Monster Beverage Corp,61174X109,0.15,33558,1446014.22,2026-09-11,https://docs.google.com/spreadsheets/d/1UC1Bk67bGuYsos_i8y_HQpNoHpVHAvqf71MbgrafJOQ/export?format=csv&gid=0
HLAL,MPWR,Monolithic Power Systems Inc,609839105,0.15,1153,1367550.24,2026-09-11,https://docs.google.com/spreadsheets/d/1UC1Bk67bGuYsos_i8y_HQpNoHpVHAvqf71MbgrafJOQ/export?format=csv&gid=0
HLAL,MRK,Merck & Co Inc,58933Y105,0.91,59216,8569147.36,2026-09-11,https://docs.google.com/spreadsheets/d/1UC1Bk67bGuYsos_i8y_HQpNoHpVHAvqf71MbgrafJOQ/export?format=csv&gid=0
HLAL,MRVL,MARVELL TECHNOLOGY INC,573874104,0.50,20879,4738697.84,2026-09-11,https://docs.google.com/spreadsheets/d/1UC1Bk67bGuYsos_i8y_HQpNoHpVHAvqf71MbgrafJOQ/export?format=csv&gid=0
HLAL,MSFT,Microsoft Corp,594918104,9.31,177835,87573067.4,2026-09-11,https://docs.google.com/spreadsheets/d/1UC1Bk67bGuYsos_i8y_HQpNoHpVHAvqf71MbgrafJOQ/export?format=csv&gid=0
HLAL,MSTR,Strategy Inc,594972408,0.11,7833,1007010.48,2026-09-11,https://docs.google.com/spreadsheets/d/1UC1Bk67bGuYsos_i8y_HQpNoHpVHAvqf71MbgrafJOQ/export?format=csv&gid=0
HLAL,MU,Micron Technology Inc,595112103,2.80,26979,26369544.39,2026-09-11,https://docs.google.com/spreadsheets/d/1UC1Bk67bGuYsos_i8y_HQpNoHpVHAvqf71MbgrafJOQ/export?format=csv&gid=0
HLAL,NEM,Newmont Corp,651639106,0.34,25548,3222624.72,2026-09-11,https://docs.google.com/spreadsheets/d/1UC1Bk67bGuYsos_i8y_HQpNoHpVHAvqf71MbgrafJOQ/export?format=csv&gid=0
HLAL,NKE,NIKE Inc,654106103,0.11,28249,1034478.38,2026-09-11,https://docs.google.com/spreadsheets/d/1UC1Bk67bGuYsos_i8y_HQpNoHpVHAvqf71MbgrafJOQ/export?format=csv&gid=0
HLAL,NOW,ServiceNow Inc,81762P102,0.34,24565,3222191.05,2026-09-11,https://docs.google.com/spreadsheets/d/1UC1Bk67bGuYsos_i8y_HQpNoHpVHAvqf71MbgrafJOQ/export?format=csv&gid=0
HLAL,NTAP,NetApp Inc,64110D104,0.09,4709,864572.4,2026-09-11,https://docs.google.com/spreadsheets/d/1UC1Bk67bGuYsos_i8y_HQpNoHpVHAvqf71MbgrafJOQ/export?format=csv&gid=0
HLAL,NUE,Nucor Corp,670346105,0.14,5275,1347551.5,2026-09-11,https://docs.google.com/spreadsheets/d/1UC1Bk67bGuYsos_i8y_HQpNoHpVHAvqf71MbgrafJOQ/export?format=csv&gid=0
HLAL,NVDA,NVIDIA Corp,67066G104,12.71,547544,119561707.8,2026-09-11,https://docs.google.com/spreadsheets/d/1UC1Bk67bGuYsos_i8y_HQpNoHpVHAvqf71MbgrafJOQ/export?format=csv&gid=0
HLAL,NVR,NVR Inc,62944T105,0.04,62,377473.36,2026-09-11,https://docs.google.com/spreadsheets/d/1UC1Bk67bGuYsos_i8y_HQpNoHpVHAvqf71MbgrafJOQ/export?format=csv&gid=0
HLAL,NWS,News Corp,65249B208,0.01,3169,103879.82,2026-09-11,https://docs.google.com/spreadsheets/d/1UC1Bk67bGuYsos_i8y_HQpNoHpVHAvqf71MbgrafJOQ/export?format=csv&gid=0
HLAL,NWSA,News Corp,65249B109,0.03,9678,284339.64,2026-09-11,https://docs.google.com/spreadsheets/d/1UC1Bk67bGuYsos_i8y_HQpNoHpVHAvqf71MbgrafJOQ/export?format=csv&gid=0
HLAL,NXPI,NXP Semiconductors NV,N6596X109,0.15,6064,1373283.76,2026-09-11,https://docs.google.com/spreadsheets/d/1UC1Bk67bGuYsos_i8y_HQpNoHpVHAvqf71MbgrafJOQ/export?format=csv&gid=0
HLAL,ODFL,Old Dominion Freight Line Inc,679580100,0.09,4465,806155.75,2026-09-11,https://docs.google.com/spreadsheets/d/1UC1Bk67bGuYsos_i8y_HQpNoHpVHAvqf71MbgrafJOQ/export?format=csv&gid=0
HLAL,OKTA,Okta Inc,679295105,0.08,4222,722426.42,2026-09-11,https://docs.google.com/spreadsheets/d/1UC1Bk67bGuYsos_i8y_HQpNoHpVHAvqf71MbgrafJOQ/export?format=csv&gid=0
HLAL,OMC,Omnicom Group Inc,681919106,0.06,6776,538353.2,2026-09-11,https://docs.google.com/spreadsheets/d/1UC1Bk67bGuYsos_i8y_HQpNoHpVHAvqf71MbgrafJOQ/export?format=csv&gid=0
HLAL,ON,ON Semiconductor Corp,682189105,0.07,9727,682543.59,2026-09-11,https://docs.google.com/spreadsheets/d/1UC1Bk67bGuYsos_i8y_HQpNoHpVHAvqf71MbgrafJOQ/export?format=csv&gid=0
HLAL,OXY,Occidental Petroleum Corp,674599105,0.11,17356,1061492.96,2026-09-11,https://docs.google.com/spreadsheets/d/1UC1Bk67bGuYsos_i8y_HQpNoHpVHAvqf71MbgrafJOQ/export?format=csv&gid=0
HLAL,PANW,Palo Alto Networks Inc,697435105,0.69,19302,6533533.98,2026-09-11,https://docs.google.com/spreadsheets/d/1UC1Bk67bGuYsos_i8y_HQpNoHpVHAvqf71MbgrafJOQ/export?format=csv&gid=0
HLAL,PFE,Pfizer Inc,717081103,0.40,136297,3768612.05,2026-09-11,https://docs.google.com/spreadsheets/d/1UC1Bk67bGuYsos_i8y_HQpNoHpVHAvqf71MbgrafJOQ/export?format=csv&gid=0
HLAL,PG,Procter & Gamble Co/The,,0.85,55818,7980299.46,2026-09-11,https://docs.google.com/spreadsheets/d/1UC1Bk67bGuYsos_i8y_HQpNoHpVHAvqf71MbgrafJOQ/export?format=csv&gid=0
HLAL,PHM,PulteGroup Inc,,0.06,4724,549920.84,2026-09-11,https://docs.google.com/spreadsheets/d/1UC1Bk67bGuYsos_i8y_HQpNoHpVHAvqf71MbgrafJOQ/export?format=csv&gid=0
HLAL,PINS,Pinterest Inc,72352L106,0.03,13025,244609.5,2026-09-11,https://docs.google.com/spreadsheets/d/1UC1Bk67bGuYsos_i8y_HQpNoHpVHAvqf71MbgrafJOQ/export?format=csv&gid=0
HLAL,PKG,Packaging Corp of America,,0.05,2217,515252.97,2026-09-11,https://docs.google.com/spreadsheets/d/1UC1Bk67bGuYsos_i8y_HQpNoHpVHAvqf71MbgrafJOQ/export?format=csv&gid=0
HLAL,PNR,Pentair PLC,G7S00T104,0.02,4118,233614.14,2026-09-11,https://docs.google.com/spreadsheets/d/1UC1Bk67bGuYsos_i8y_HQpNoHpVHAvqf71MbgrafJOQ/export?format=csv&gid=0
HLAL,PODD,Insulet Corp,45784P101,0.03,1780,239730.4,2026-09-11,https://docs.google.com/spreadsheets/d/1UC1Bk67bGuYsos_i8y_HQpNoHpVHAvqf71MbgrafJOQ/export?format=csv&gid=0
HLAL,PPG,PPG Industries Inc,,0.06,5338,560756.9,2026-09-11,https://docs.google.com/spreadsheets/d/1UC1Bk67bGuYsos_i8y_HQpNoHpVHAvqf71MbgrafJOQ/export?format=csv&gid=0
HLAL,PSX,Phillips 66,,0.26,9595,2480403.45,2026-09-11,https://docs.google.com/spreadsheets/d/1UC1Bk67bGuYsos_i8y_HQpNoHpVHAvqf71MbgrafJOQ/export?format=csv&gid=0
HLAL,PTC,PTC Inc,69370C100,0.04,3100,399016.5,2026-09-11,https://docs.google.com/spreadsheets/d/1UC1Bk67bGuYsos_i8y_HQpNoHpVHAvqf71MbgrafJOQ/export?format=csv&gid=0
HLAL,PWR,Quanta Services Inc,,0.23,3569,2208247.37,2026-09-11,https://docs.google.com/spreadsheets/d/1UC1Bk67bGuYsos_i8y_HQpNoHpVHAvqf71MbgrafJOQ/export?format=csv&gid=0
HLAL,Q,Qnity Electronics Inc,74743L100,0.06,4796,591442.72,2026-09-11,https://docs.google.com/spreadsheets/d/1UC1Bk67bGuYsos_i8y_HQpNoHpVHAvqf71MbgrafJOQ/export?format=csv&gid=0
HLAL,QCOM,QUALCOMM Inc,,0.47,25252,4466573.76,2026-09-11,https://docs.google.com/spreadsheets/d/1UC1Bk67bGuYsos_i8y_HQpNoHpVHAvqf71MbgrafJOQ/export?format=csv&gid=0
HLAL,RBLX,ROBLOX Corp,,0.07,15512,696178.56,2026-09-11,https://docs.google.com/spreadsheets/d/1UC1Bk67bGuYsos_i8y_HQpNoHpVHAvqf71MbgrafJOQ/export?format=csv&gid=0
HLAL,REGN,Regeneron Pharmaceuticals Inc,75886F107,0.20,2417,1917309.42,2026-09-11,https://docs.google.com/spreadsheets/d/1UC1Bk67bGuYsos_i8y_HQpNoHpVHAvqf71MbgrafJOQ/export?format=csv&gid=0
HLAL,RMD,ResMed Inc,761152107,0.08,3475,763040.5,2026-09-11,https://docs.google.com/spreadsheets/d/1UC1Bk67bGuYsos_i8y_HQpNoHpVHAvqf71MbgrafJOQ/export?format=csv&gid=0
HLAL,ROK,Rockwell Automation Inc,773903109,0.12,2688,1132642.56,2026-09-11,https://docs.google.com/spreadsheets/d/1UC1Bk67bGuYsos_i8y_HQpNoHpVHAvqf71MbgrafJOQ/export?format=csv&gid=0
HLAL,ROL,Rollins Inc,775711104,0.03,7883,272436.48,2026-09-11,https://docs.google.com/spreadsheets/d/1UC1Bk67bGuYsos_i8y_HQpNoHpVHAvqf71MbgrafJOQ/export?format=csv&gid=0
HLAL,ROP,Roper Technologies Inc,776696106,0.10,2445,950078.1,2026-09-11,https://docs.google.com/spreadsheets/d/1UC1Bk67bGuYsos_i8y_HQpNoHpVHAvqf71MbgrafJOQ/export?format=csv&gid=0
HLAL,ROST,Ross Stores Inc,,0.18,7560,1704628.8,2026-09-11,https://docs.google.com/spreadsheets/d/1UC1Bk67bGuYsos_i8y_HQpNoHpVHAvqf71MbgrafJOQ/export?format=csv&gid=0
HLAL,SCCO,Southern Copper Corp,84265V105,0.05,2385.476,463116.31,2026-09-11,https://docs.google.com/spreadsheets/d/1UC1Bk67bGuYsos_i8y_HQpNoHpVHAvqf71MbgrafJOQ/export?format=csv&gid=0
HLAL,SLB,SLB Ltd,,0.21,35786,2004373.86,2026-09-11,https://docs.google.com/spreadsheets/d/1UC1Bk67bGuYsos_i8y_HQpNoHpVHAvqf71MbgrafJOQ/export?format=csv&gid=0
HLAL,SMCI,Super Micro Computer Inc,86800U302,0.05,13532,505826.16,2026-09-11,https://docs.google.com/spreadsheets/d/1UC1Bk67bGuYsos_i8y_HQpNoHpVHAvqf71MbgrafJOQ/export?format=csv&gid=0
HLAL,SNA,Snap-on Inc,,0.05,1287,482406.21,2026-09-11,https://docs.google.com/spreadsheets/d/1UC1Bk67bGuYsos_i8y_HQpNoHpVHAvqf71MbgrafJOQ/export?format=csv&gid=0
HLAL,SNDK,Sandisk Corp,80004C200,0.63,3480,5890213.2,2026-09-11,https://docs.google.com/spreadsheets/d/1UC1Bk67bGuYsos_i8y_HQpNoHpVHAvqf71MbgrafJOQ/export?format=csv&gid=0
HLAL,SNPS,Synopsys Inc,871607107,0.19,4457,1770186.69,2026-09-11,https://docs.google.com/spreadsheets/d/1UC1Bk67bGuYsos_i8y_HQpNoHpVHAvqf71MbgrafJOQ/export?format=csv&gid=0
HLAL,SRE,Sempra,816851109,0.14,15650,1314600,2026-09-11,https://docs.google.com/spreadsheets/d/1UC1Bk67bGuYsos_i8y_HQpNoHpVHAvqf71MbgrafJOQ/export?format=csv&gid=0
HLAL,STE,STERIS PLC,G8473T100,0.06,2523,536011.35,2026-09-11,https://docs.google.com/spreadsheets/d/1UC1Bk67bGuYsos_i8y_HQpNoHpVHAvqf71MbgrafJOQ/export?format=csv&gid=0
HLAL,STLD,Steel Dynamics Inc,858119100,0.08,3225,764583,2026-09-11,https://docs.google.com/spreadsheets/d/1UC1Bk67bGuYsos_i8y_HQpNoHpVHAvqf71MbgrafJOQ/export?format=csv&gid=0
HLAL,STX,Seagate Technology Holdings PLC,G7997R103,0.48,5226,4506536.58,2026-09-11,https://docs.google.com/spreadsheets/d/1UC1Bk67bGuYsos_i8y_HQpNoHpVHAvqf71MbgrafJOQ/export?format=csv&gid=0
HLAL,SUI,Sun Communities Inc,866674104,0.04,3234,371683.62,2026-09-11,https://docs.google.com/spreadsheets/d/1UC1Bk67bGuYsos_i8y_HQpNoHpVHAvqf71MbgrafJOQ/export?format=csv&gid=0
HLAL,SW,Smurfit Westrock PLC,G8267P108,0.06,13281,560591.01,2026-09-11,https://docs.google.com/spreadsheets/d/1UC1Bk67bGuYsos_i8y_HQpNoHpVHAvqf71MbgrafJOQ/export?format=csv&gid=0
HLAL,SYK,Stryker Corp,863667101,0.24,8274,2234062.74,2026-09-11,https://docs.google.com/spreadsheets/d/1UC1Bk67bGuYsos_i8y_HQpNoHpVHAvqf71MbgrafJOQ/export?format=csv&gid=0
HLAL,T,AT&T Inc,00206R102,0.44,162160,4143188,2026-09-11,https://docs.google.com/spreadsheets/d/1UC1Bk67bGuYsos_i8y_HQpNoHpVHAvqf71MbgrafJOQ/export?format=csv&gid=0
HLAL,TEAM,Atlassian Corp,,0.09,4568,820275.76,2026-09-11,https://docs.google.com/spreadsheets/d/1UC1Bk67bGuYsos_i8y_HQpNoHpVHAvqf71MbgrafJOQ/export?format=csv&gid=0
HLAL,TEL,TE Connectivity PLC,G87052109,0.15,6989,1430159.07,2026-09-11,https://docs.google.com/spreadsheets/d/1UC1Bk67bGuYsos_i8y_HQpNoHpVHAvqf71MbgrafJOQ/export?format=csv&gid=0
HLAL,TER,Teradyne Inc,880770102,0.15,3711,1373775.09,2026-09-11,https://docs.google.com/spreadsheets/d/1UC1Bk67bGuYsos_i8y_HQpNoHpVHAvqf71MbgrafJOQ/export?format=csv&gid=0
HLAL,TJX,TJX Cos Inc/The,872540109,0.36,26479,3347475.18,2026-09-11,https://docs.google.com/spreadsheets/d/1UC1Bk67bGuYsos_i8y_HQpNoHpVHAvqf71MbgrafJOQ/export?format=csv&gid=0
HLAL,TPL,Texas Pacific Land Corp,88262P102,0.06,1480,541828,2026-09-11,https://docs.google.com/spreadsheets/d/1UC1Bk67bGuYsos_i8y_HQpNoHpVHAvqf71MbgrafJOQ/export?format=csv&gid=0
HLAL,TRMB,Trimble Inc,896239100,0.04,6091,346212.44,2026-09-11,https://docs.google.com/spreadsheets/d/1UC1Bk67bGuYsos_i8y_HQpNoHpVHAvqf71MbgrafJOQ/export?format=csv&gid=0
HLAL,TSCO,Tractor Supply Co,892356106,0.05,13392,448899.84,2026-09-11,https://docs.google.com/spreadsheets/d/1UC1Bk67bGuYsos_i8y_HQpNoHpVHAvqf71MbgrafJOQ/export?format=csv&gid=0
HLAL,TSLA,Tesla Inc,88160R101,2.70,69924,25421569.44,2026-09-11,https://docs.google.com/spreadsheets/d/1UC1Bk67bGuYsos_i8y_HQpNoHpVHAvqf71MbgrafJOQ/export?format=csv&gid=0
HLAL,TT,Trane Technologies PLC,G8994E103,0.25,5287,2325381.21,2026-09-11,https://docs.google.com/spreadsheets/d/1UC1Bk67bGuYsos_i8y_HQpNoHpVHAvqf71MbgrafJOQ/export?format=csv&gid=0
HLAL,TTWO,Take-Two Interactive Software Inc,874054109,0.10,4485,973065.6,2026-09-11,https://docs.google.com/spreadsheets/d/1UC1Bk67bGuYsos_i8y_HQpNoHpVHAvqf71MbgrafJOQ/export?format=csv&gid=0
HLAL,TWLO,Twilio Inc,90138F102,0.09,3536,817275.68,2026-09-11,https://docs.google.com/spreadsheets/d/1UC1Bk67bGuYsos_i8y_HQpNoHpVHAvqf71MbgrafJOQ/export?format=csv&gid=0
HLAL,TXN,Texas Instruments Inc,882508104,0.60,21764,5632958.48,2026-09-11,https://docs.google.com/spreadsheets/d/1UC1Bk67bGuYsos_i8y_HQpNoHpVHAvqf71MbgrafJOQ/export?format=csv&gid=0
HLAL,TYL,Tyler Technologies Inc,902252105,0.04,1144,383789.12,2026-09-11,https://docs.google.com/spreadsheets/d/1UC1Bk67bGuYsos_i8y_HQpNoHpVHAvqf71MbgrafJOQ/export?format=csv&gid=0
HLAL,UAL,United Airlines Holdings Inc,910047109,0.02,2051,218410.99,2026-09-11,https://docs.google.com/spreadsheets/d/1UC1Bk67bGuYsos_i8y_HQpNoHpVHAvqf71MbgrafJOQ/export?format=csv&gid=0
HLAL,UBER,Uber Technologies Inc,90353T100,0.36,46894,3402628.64,2026-09-11,https://docs.google.com/spreadsheets/d/1UC1Bk67bGuYsos_i8y_HQpNoHpVHAvqf71MbgrafJOQ/export?format=csv&gid=0
HLAL,UI,Ubiquiti Inc,90353W103,0.01,96,51536.64,2026-09-11,https://docs.google.com/spreadsheets/d/1UC1Bk67bGuYsos_i8y_HQpNoHpVHAvqf71MbgrafJOQ/export?format=csv&gid=0
HLAL,ULTA,ULTA BEAUTY INC,90384S303,0.06,1126,603119.38,2026-09-11,https://docs.google.com/spreadsheets/d/1UC1Bk67bGuYsos_i8y_HQpNoHpVHAvqf71MbgrafJOQ/export?format=csv&gid=0
HLAL,UPS,United Parcel Service Inc,911312106,0.19,17876,1787063.72,2026-09-11,https://docs.google.com/spreadsheets/d/1UC1Bk67bGuYsos_i8y_HQpNoHpVHAvqf71MbgrafJOQ/export?format=csv&gid=0
HLAL,VGNT,Versigent PLC,G9600F104,0.01,1799,83473.6,2026-09-11,https://docs.google.com/spreadsheets/d/1UC1Bk67bGuYsos_i8y_HQpNoHpVHAvqf71MbgrafJOQ/export?format=csv&gid=0
HLAL,VLO,Valero Energy Corp,91913Y100,0.29,7079,2728458.97,2026-09-11,https://docs.google.com/spreadsheets/d/1UC1Bk67bGuYsos_i8y_HQpNoHpVHAvqf71MbgrafJOQ/export?format=csv&gid=0
HLAL,VLTO,Veralto Corp,92338C103,0.06,6250,584062.5,2026-09-11,https://docs.google.com/spreadsheets/d/1UC1Bk67bGuYsos_i8y_HQpNoHpVHAvqf71MbgrafJOQ/export?format=csv&gid=0
HLAL,VMC,Vulcan Materials Co,929160109,0.08,3099,776609.4,2026-09-11,https://docs.google.com/spreadsheets/d/1UC1Bk67bGuYsos_i8y_HQpNoHpVHAvqf71MbgrafJOQ/export?format=csv&gid=0
HLAL,VRT,Vertiv Holdings Co,92537N108,0.22,8353,2072629.89,2026-09-11,https://docs.google.com/spreadsheets/d/1UC1Bk67bGuYsos_i8y_HQpNoHpVHAvqf71MbgrafJOQ/export?format=csv&gid=0
HLAL,VRTX,Vertex Pharmaceuticals Inc,92532F100,0.33,6083,3130068.48,2026-09-11,https://docs.google.com/spreadsheets/d/1UC1Bk67bGuYsos_i8y_HQpNoHpVHAvqf71MbgrafJOQ/export?format=csv&gid=0
HLAL,WAB,Westinghouse Air Brake Technologies Corp,929740108,0.12,4035,1130889.45,2026-09-11,https://docs.google.com/spreadsheets/d/1UC1Bk67bGuYsos_i8y_HQpNoHpVHAvqf71MbgrafJOQ/export?format=csv&gid=0
HLAL,WAT,Waters Corp,941848103,0.10,2351,944255.64,2026-09-11,https://docs.google.com/spreadsheets/d/1UC1Bk67bGuYsos_i8y_HQpNoHpVHAvqf71MbgrafJOQ/export?format=csv&gid=0
HLAL,WDAY,Workday Inc,98138H101,0.10,4917,910087.53,2026-09-11,https://docs.google.com/spreadsheets/d/1UC1Bk67bGuYsos_i8y_HQpNoHpVHAvqf71MbgrafJOQ/export?format=csv&gid=0
HLAL,WDC,Western Digital Corp,958102105,0.37,7466,3441303.38,2026-09-11,https://docs.google.com/spreadsheets/d/1UC1Bk67bGuYsos_i8y_HQpNoHpVHAvqf71MbgrafJOQ/export?format=csv&gid=0
HLAL,WELL,Welltower Inc,95040Q104,0.42,16922,3988684.62,2026-09-11,https://docs.google.com/spreadsheets/d/1UC1Bk67bGuYsos_i8y_HQpNoHpVHAvqf71MbgrafJOQ/export?format=csv&gid=0
HLAL,WSM,Williams-Sonoma Inc,969904101,0.07,2970,664507.8,2026-09-11,https://docs.google.com/spreadsheets/d/1UC1Bk67bGuYsos_i8y_HQpNoHpVHAvqf71MbgrafJOQ/export?format=csv&gid=0
HLAL,WST,West Pharmaceutical Services Inc,955306105,0.07,1784,614142,2026-09-11,https://docs.google.com/spreadsheets/d/1UC1Bk67bGuYsos_i8y_HQpNoHpVHAvqf71MbgrafJOQ/export?format=csv&gid=0
HLAL,WY,Weyerhaeuser Co,962166104,0.04,18736,412004.64,2026-09-11,https://docs.google.com/spreadsheets/d/1UC1Bk67bGuYsos_i8y_HQpNoHpVHAvqf71MbgrafJOQ/export?format=csv&gid=0
HLAL,XOM,ExxonMobil Holdings Corp,30233Q108,1.75,99616,16459551.68,2026-09-11,https://docs.google.com/spreadsheets/d/1UC1Bk67bGuYsos_i8y_HQpNoHpVHAvqf71MbgrafJOQ/export?format=csv&gid=0
HLAL,XYL,Xylem Inc/NY,98419M100,0.07,6084,648250.2,2026-09-11,https://docs.google.com/spreadsheets/d/1UC1Bk67bGuYsos_i8y_HQpNoHpVHAvqf71MbgrafJOQ/export?format=csv&gid=0
HLAL,ZBH,ZIMMER BIOMET HOLDINGS INC,98956P102,0.05,5012,463309.28,2026-09-11,https://docs.google.com/spreadsheets/d/1UC1Bk67bGuYsos_i8y_HQpNoHpVHAvqf71MbgrafJOQ/export?format=csv&gid=0
MNZL,A,Agilent Technologies Inc,00846U101,0.14,252,,2026-07-31,https://manzilfunds.com/
MNZL,AA,Alcoa Corp,013872106,0.05,261,,2026-07-31,https://manzilfunds.com/
MNZL,AAOI,Applied Optoelectronics Inc,03823U102,0.02,59,,2026-07-31,https://manzilfunds.com/
MNZL,AAON,AAON Inc,000360206,0.02,47,,2026-07-31,https://manzilfunds.com/
MNZL,AAPL,Apple Inc,037833100,16.78,12496,,2026-07-31,https://manzilfunds.com/
MNZL,ABT,Abbott Laboratories,002824100,0.65,1522,,2026-07-31,https://manzilfunds.com/
MNZL,ACM,AECOM,00766T100,0.03,90,,2026-07-31,https://manzilfunds.com/
MNZL,ADBE,Adobe Inc,00724F101,0.34,345,,2026-07-31,https://manzilfunds.com/
MNZL,ADI,Analog Devices Inc,032654105,0.62,421,,2026-07-31,https://manzilfunds.com/
MNZL,ADM,Archer-Daniels-Midland Co,039483102,0.14,420,,2026-07-31,https://manzilfunds.com/
MNZL,ADSK,Autodesk Inc,052769106,0.18,193,,2026-07-31,https://manzilfunds.com/
MNZL,AEIS,Advanced Energy Industries Inc,007973100,0.03,23,,2026-07-31,https://manzilfunds.com/
MNZL,AGCO,AGCO Corp,001084102,0.02,46,,2026-07-31,https://manzilfunds.com/
MNZL,AHR,American Healthcare REIT Inc,398182303,0.03,147,,2026-07-31,https://manzilfunds.com/
MNZL,AIT,Applied Industrial Technologies Inc,03820C105,0.04,26,,2026-07-31,https://manzilfunds.com/
MNZL,AKAM,Akamai Technologies Inc,00971T101,0.06,126,,2026-07-31,https://manzilfunds.com/
MNZL,ALAB,Astera Labs Inc,04626A103,0.15,126,,2026-07-31,https://manzilfunds.com/
MNZL,ALB,Albemarle Corp,012653101,0.04,88,,2026-07-31,https://manzilfunds.com/
MNZL,ALGM,Allegro MicroSystems Inc,01749D105,0.01,84,,2026-07-31,https://manzilfunds.com/
MNZL,ALGN,Align Technology Inc,016255101,0.03,47,,2026-07-31,https://manzilfunds.com/
MNZL,ALLE,Allegion plc,G0176J109,0.06,96,,2026-07-31,https://manzilfunds.com/
MNZL,ALNY,Alnylam Pharmaceuticals Inc,02043Q107,0.09,110,,2026-07-31,https://manzilfunds.com/
MNZL,AMAT,Applied Materials Inc,038222105,1.37,677,,2026-07-31,https://manzilfunds.com/
MNZL,AMD,Advanced Micro Devices Inc,007903107,2.73,1396,,2026-07-31,https://manzilfunds.com/
MNZL,AMKR,Amkor Technology Inc,031652100,0.02,89,,2026-07-31,https://manzilfunds.com/
MNZL,ANET,Arista Networks Inc,040413205,0.61,885,,2026-07-31,https://manzilfunds.com/
MNZL,AOS,A O Smith Corp,831865209,0.02,84,,2026-07-31,https://manzilfunds.com/
MNZL,APA,APA Corp,03743Q108,0.04,294,,2026-07-31,https://manzilfunds.com/
MNZL,APD,Air Products and Chemicals Inc,009158106,0.22,186,,2026-07-31,https://manzilfunds.com/
MNZL,APG,API Group Corp,00187Y100,0.05,294,,2026-07-31,https://manzilfunds.com/
MNZL,APP,AppLovin Corp,03831W108,0.34,210,,2026-07-31,https://manzilfunds.com/
MNZL,APPF,Appfolio Inc,03783C100,0.03,44,,2026-07-31,https://manzilfunds.com/
MNZL,AR,Antero Resources Corp,03674X106,0.04,252,,2026-07-31,https://manzilfunds.com/
MNZL,ARW,Arrow Electronics Inc,042735100,0.04,43,,2026-07-31,https://manzilfunds.com/
MNZL,AS,Amer Sports Inc,G0260P102,0.02,126,,2026-07-31,https://manzilfunds.com/
MNZL,ASND,Ascendis Pharma A/S,K08588103,0.05,50,,2026-07-31,https://manzilfunds.com/
MNZL,ATO,Atmos Energy Corp,049560105,0.09,129,,2026-07-31,https://manzilfunds.com/
MNZL,ATR,AptarGroup Inc,038336103,0.02,46,,2026-07-31,https://manzilfunds.com/
MNZL,AU,Anglogold Ashanti Plc,G0378L100,0.14,424,,2026-07-31,https://manzilfunds.com/
MNZL,AUGO,Aura Minerals Inc,G06973112,0.01,30,,2026-07-31,https://manzilfunds.com/
MNZL,AUR,Aurora Innovation Inc,051774107,0.02,882,,2026-07-31,https://manzilfunds.com/
MNZL,AVB,AvalonBay Communities Inc,053484101,0.1,126,,2026-07-31,https://manzilfunds.com/
MNZL,AVGO,Broadcom Inc,11135F101,6.24,3997,,2026-07-31,https://manzilfunds.com/
MNZL,AVT,Avnet Inc,053807103,0.03,84,,2026-07-31,https://manzilfunds.com/
MNZL,AVTR,Avantor Inc,05352A100,0.03,546,,2026-07-31,https://manzilfunds.com/
MNZL,AVY,Avery Dennison Corp,053611109,0.03,48,,2026-07-31,https://manzilfunds.com/
MNZL,AWI,Armstrong World Industries Inc,04247X102,0.03,43,,2026-07-31,https://manzilfunds.com/
MNZL,AXSM,Axsome Therapeutics Inc,05464T104,0.03,29,,2026-07-31,https://manzilfunds.com/
MNZL,AYI,Acuity Inc,00508Y102,0.03,22,,2026-07-31,https://manzilfunds.com/
MNZL,AZO,AutoZone Inc,053332102,0.17,14,,2026-07-31,https://manzilfunds.com/
MNZL,BDX,Becton Dickinson & Co,075887109,0.17,252,,2026-07-31,https://manzilfunds.com/
MNZL,BE,Bloom Energy Corp,093712107,0.19,222,,2026-07-31,https://manzilfunds.com/
MNZL,BEPC,Brookfield Renewable Corp,11285B108,0.02,126,,2026-07-31,https://manzilfunds.com/
MNZL,BFAM,Bright Horizons Family Solutions Inc,109194100,0.01,43,,2026-07-31,https://manzilfunds.com/
MNZL,BG,Bunge Global SA,H11356104,0.06,131,,2026-07-31,https://manzilfunds.com/
MNZL,BIIB,Biogen Inc,09062X103,0.11,126,,2026-07-31,https://manzilfunds.com/
MNZL,BIO,Bio-Rad Laboratories Inc,090572207,0.01,6,,2026-07-31,https://manzilfunds.com/
MNZL,BIRK,Birkenstock Holding Plc,M2029K104,0.01,43,,2026-07-31,https://manzilfunds.com/
MNZL,BKR,Baker Hughes Co,05722G100,0.2,845,,2026-07-31,https://manzilfunds.com/
MNZL,BLDR,Builders FirstSource Inc,12008R107,0.02,84,,2026-07-31,https://manzilfunds.com/
MNZL,BMNR,BitMine Immersion Technologies Inc,09175A206,0.03,438,,2026-07-31,https://manzilfunds.com/
MNZL,BMRN,BioMarin Pharmaceutical Inc,09061G101,0.04,168,,2026-07-31,https://manzilfunds.com/
MNZL,BRKR,Bruker Corp,116794108,0.02,84,,2026-07-31,https://manzilfunds.com/
MNZL,BROS,Dutch Bros Inc,26701L100,0.02,89,,2026-07-31,https://manzilfunds.com/
MNZL,BSX,Boston Scientific Corp,101137107,0.23,1264,,2026-07-31,https://manzilfunds.com/
MNZL,BSY,Bentley Systems Inc,08265T208,0.02,126,,2026-07-31,https://manzilfunds.com/
MNZL,BURL,Burlington Stores Inc,122017106,0.07,46,,2026-07-31,https://manzilfunds.com/
MNZL,BWA,BorgWarner Inc,099724106,0.04,168,,2026-07-31,https://manzilfunds.com/
MNZL,CAH,Cardinal Health Inc,14149Y108,0.19,210,,2026-07-31,https://manzilfunds.com/
MNZL,CAI,Caris Life Sciences Inc,142152107,0,51,,2026-07-31,https://manzilfunds.com/
MNZL,CARR,Carrier Global Corp,14448C104,0.17,672,,2026-07-31,https://manzilfunds.com/
MNZL,CART,Maplebear Inc,565394103,0.02,126,,2026-07-31,https://manzilfunds.com/
MNZL,CAVA,Cava Group Inc,148929102,0.02,84,,2026-07-31,https://manzilfunds.com/
MNZL,CBRE,CBRE Group Inc,12504L109,0.15,252,,2026-07-31,https://manzilfunds.com/
MNZL,CDE,COEUR MINING INC.,192108504,0.05,763,,2026-07-31,https://manzilfunds.com/
MNZL,CDNS,Cadence Design Systems Inc,127387108,0.32,237,,2026-07-31,https://manzilfunds.com/
MNZL,CDW,CDW Corp/DE,12514G108,0.06,102,,2026-07-31,https://manzilfunds.com/
MNZL,CELH,Celsius Holdings Inc,15118V207,0.01,126,,2026-07-31,https://manzilfunds.com/
MNZL,CF,CF Industries Holdings Inc,125269100,0.06,128,,2026-07-31,https://manzilfunds.com/
MNZL,CGNX,Cognex Corp,192422103,0.03,126,,2026-07-31,https://manzilfunds.com/
MNZL,CHD,Church & Dwight Co Inc,171340102,0.08,210,,2026-07-31,https://manzilfunds.com/
MNZL,CHE,Chemed Corp,16359R103,0.01,3,,2026-07-31,https://manzilfunds.com/
MNZL,CHRW,CH Robinson Worldwide Inc,12541W209,0.05,88,,2026-07-31,https://manzilfunds.com/
MNZL,CHWY,Chewy Inc,16679L109,0.02,168,,2026-07-31,https://manzilfunds.com/
MNZL,CIEN,Ciena Corp,171779309,0.19,127,,2026-07-31,https://manzilfunds.com/
MNZL,CL,Colgate-Palmolive Co,194162103,0.25,678,,2026-07-31,https://manzilfunds.com/
MNZL,CLH,CLEAN HARBORS INC COM,184496107,0.05,43,,2026-07-31,https://manzilfunds.com/
MNZL,CLX,Clorox Co/The,189054109,0.03,89,,2026-07-31,https://manzilfunds.com/
MNZL,CMG,Chipotle Mexican Grill Inc,169656105,0.18,1134,,2026-07-31,https://manzilfunds.com/
MNZL,CMI,Cummins Inc,231021106,0.29,113,,2026-07-31,https://manzilfunds.com/
MNZL,CNM,Core & Main Inc,21874C102,0.03,168,,2026-07-31,https://manzilfunds.com/
MNZL,COHR,Coherent Corp,19247G107,0.14,143,,2026-07-31,https://manzilfunds.com/
MNZL,COKE,Coca-Cola Consolidated Inc,191098102,0.03,45,,2026-07-31,https://manzilfunds.com/
MNZL,COLM,Columbia Sportswear Co,198516106,0.01,43,,2026-07-31,https://manzilfunds.com/
MNZL,COO,Cooper Cos Inc/The,216648501,0.05,168,,2026-07-31,https://manzilfunds.com/
MNZL,COP,ConocoPhillips,20825C104,0.52,1085,,2026-07-31,https://manzilfunds.com/
MNZL,COR,Cencora Inc,03073E105,0.2,161,,2026-07-31,https://manzilfunds.com/
MNZL,CORT,Corcept Therapeutics Inc,218352102,0.04,84,,2026-07-31,https://manzilfunds.com/
MNZL,CPNG,Coupang Inc,22266T109,0.07,1135,,2026-07-31,https://manzilfunds.com/
MNZL,CPRT,Copart Inc,217204106,0.09,756,,2026-07-31,https://manzilfunds.com/
MNZL,CRDO,Credo Technology Group Holding Ltd,G25457105,0.11,133,,2026-07-31,https://manzilfunds.com/
MNZL,CRH,CRH PLC,G25508105,0.23,597,,2026-07-31,https://manzilfunds.com/
MNZL,CRL,Charles River Laboratories International Inc,159864107,0.04,43,,2026-07-31,https://manzilfunds.com/
MNZL,CRM,Salesforce Inc,79466L302,0.52,709,,2026-07-31,https://manzilfunds.com/
MNZL,CROX,Crocs Inc,227046109,0.02,43,,2026-07-31,https://manzilfunds.com/
MNZL,CRUS,Cirrus Logic Inc,172755100,0.02,43,,2026-07-31,https://manzilfunds.com/
MNZL,CRWD,Crowdstrike Holdings Inc,22788C105,0.64,852,,2026-07-31,https://manzilfunds.com/
MNZL,CSGP,CoStar Group Inc,22160N109,0.04,342,,2026-07-31,https://manzilfunds.com/
MNZL,CSL,Carlisle Cos Inc,142339100,0.06,43,,2026-07-31,https://manzilfunds.com/
MNZL,CSX,CSX Corp,126408103,0.32,1604,,2026-07-31,https://manzilfunds.com/
MNZL,CTAS,Cintas Corp,172908105,0.24,294,,2026-07-31,https://manzilfunds.com/
MNZL,CTVA,Corteva Inc,22052L104,0.21,588,,2026-07-31,https://manzilfunds.com/
MNZL,CVNA,Carvana Co,146869102,0.16,640,,2026-07-31,https://manzilfunds.com/
MNZL,DAL,Delta Air Lines Inc,247361702,0.2,550,,2026-07-31,https://manzilfunds.com/
MNZL,DCI,Donaldson Co Inc,257651109,0.03,87,,2026-07-31,https://manzilfunds.com/
MNZL,DD,DUPONT DE NEMOURS INC,26614N201,0.06,110,,2026-07-31,https://manzilfunds.com/
MNZL,DDOG,Datadog Inc,23804L103,0.29,270,,2026-07-31,https://manzilfunds.com/
MNZL,DDS,Dillard's Inc,254067101,0,1,,2026-07-31,https://manzilfunds.com/
MNZL,DECK,Deckers Outdoor Corp,243537107,0.05,126,,2026-07-31,https://manzilfunds.com/
MNZL,DGX,Quest Diagnostics Inc,74834L100,0.08,87,,2026-07-31,https://manzilfunds.com/
MNZL,DHI,DR Horton Inc,23331A109,0.12,213,,2026-07-31,https://manzilfunds.com/
MNZL,DHR,Danaher Corp,235851102,0.43,546,,2026-07-31,https://manzilfunds.com/
MNZL,DINO,HF Sinclair Corp,403949100,0.05,126,,2026-07-31,https://manzilfunds.com/
MNZL,DKS,Dick's Sporting Goods Inc,253393102,0.04,46,,2026-07-31,https://manzilfunds.com/
MNZL,DLR,Digital Realty Trust Inc,253868103,0.25,315,,2026-07-31,https://manzilfunds.com/
MNZL,DLTR,Dollar Tree Inc,256746108,0.09,168,,2026-07-31,https://manzilfunds.com/
MNZL,DOCN,DigitalOcean Holdings Inc,25402D102,0.03,55,,2026-07-31,https://manzilfunds.com/
MNZL,DOCU,Docusign Inc,256163106,0.04,168,,2026-07-31,https://manzilfunds.com/
MNZL,DOV,Dover Corp,260003108,0.09,105,,2026-07-31,https://manzilfunds.com/
MNZL,DOW,Dow Inc,260557103,0.07,588,,2026-07-31,https://manzilfunds.com/
MNZL,DOX,Amdocs Ltd,G02602103,0.02,84,,2026-07-31,https://manzilfunds.com/
MNZL,DT,Dynatrace Inc,268150109,0.04,252,,2026-07-31,https://manzilfunds.com/
MNZL,DTM,DT Midstream Inc,23345M107,0.05,85,,2026-07-31,https://manzilfunds.com/
MNZL,DUOL,Duolingo Inc,26603R106,0.02,43,,2026-07-31,https://manzilfunds.com/
MNZL,DVN,Devon Energy Corp,25179M103,0.17,947,,2026-07-31,https://manzilfunds.com/
MNZL,DXCM,Dexcom Inc,252131107,0.1,336,,2026-07-31,https://manzilfunds.com/
MNZL,EBAY,eBay Inc,278642103,0.17,381,,2026-07-31,https://manzilfunds.com/
MNZL,ECG,Everus Construction Group Inc,300426103,0.02,43,,2026-07-31,https://manzilfunds.com/
MNZL,ECL,Ecolab Inc,278865100,0.24,211,,2026-07-31,https://manzilfunds.com/
MNZL,EGP,EastGroup Properties Inc,277276101,0.04,43,,2026-07-31,https://manzilfunds.com/
MNZL,EHC,ENCOMPASS HEALTH CORP,29261A100,0.04,84,,2026-07-31,https://manzilfunds.com/
MNZL,EL,Estee Lauder Cos Inc/The,518439104,0.07,210,,2026-07-31,https://manzilfunds.com/
MNZL,ELF,elf Beauty Inc,26856L103,0.01,43,,2026-07-31,https://manzilfunds.com/
MNZL,ELS,Equity LifeStyle Properties Inc,29472R108,0.04,168,,2026-07-31,https://manzilfunds.com/
MNZL,EME,EMCOR Group Inc,29084Q100,0.1,32,,2026-07-31,https://manzilfunds.com/
MNZL,EMR,Emerson Electric Co,291011104,0.28,475,,2026-07-31,https://manzilfunds.com/
MNZL,ENPH,Enphase Energy Inc,29355A107,0.02,126,,2026-07-31,https://manzilfunds.com/
MNZL,ENSG,Ensign Group Inc/The,29358P101,0.03,44,,2026-07-31,https://manzilfunds.com/
MNZL,ENTG,Entegris Inc,29362U104,0.06,126,,2026-07-31,https://manzilfunds.com/
MNZL,EOG,EOG Resources Inc,26875P101,0.27,465,,2026-07-31,https://manzilfunds.com/
MNZL,EPAM,EPAM Systems Inc,29414B104,0.02,43,,2026-07-31,https://manzilfunds.com/
MNZL,EQIX,Equinix Inc,29444U700,0.36,85,,2026-07-31,https://manzilfunds.com/
MNZL,EQR,Equity Residential,29476L107,0.08,302,,2026-07-31,https://manzilfunds.com/
MNZL,ESAB,Esab Corp,29605J106,0.01,43,,2026-07-31,https://manzilfunds.com/
MNZL,ESI,Element Solutions Inc,28618M106,0.02,168,,2026-07-31,https://manzilfunds.com/
MNZL,ESTC,Elastic NV,N14506104,0.02,84,,2026-07-31,https://manzilfunds.com/
MNZL,EW,Edwards Lifesciences Corp,28176E108,0.18,517,,2026-07-31,https://manzilfunds.com/
MNZL,EXE,Expand Energy Corp,165167735,0.07,185,,2026-07-31,https://manzilfunds.com/
MNZL,EXEL,Exelixis Inc,30161Q104,0.05,210,,2026-07-31,https://manzilfunds.com/
MNZL,EXP,Eagle Materials Inc,26969P108,0.01,16,,2026-07-31,https://manzilfunds.com/
MNZL,EXPD,Expeditors International of Washington Inc,302130109,0.09,131,,2026-07-31,https://manzilfunds.com/
MNZL,FAST,Fastenal Co,311900104,0.18,973,,2026-07-31,https://manzilfunds.com/
MNZL,FCN,FTI Consulting Inc,302941109,0.01,22,,2026-07-31,https://manzilfunds.com/
MNZL,FDX,FedEx Corp,31428X106,0.23,189,,2026-07-31,https://manzilfunds.com/
MNZL,FDXF,Fedex Freight Holding Co Inc,314352105,0.05,94,,2026-07-31,https://manzilfunds.com/
MNZL,FERG,Ferguson Enterprises Inc,31488V107,0.15,168,,2026-07-31,https://manzilfunds.com/
MNZL,FFIV,F5 Inc,315616102,0.07,45,,2026-07-31,https://manzilfunds.com/
MNZL,FICO,Fair Isaac Corp,303250104,0.07,16,,2026-07-31,https://manzilfunds.com/
MNZL,FIVE,Five Below Inc,33829M101,0.04,47,,2026-07-31,https://manzilfunds.com/
MNZL,FIX,Comfort Systems USA Inc,199908104,0.18,27,,2026-07-31,https://manzilfunds.com/
MNZL,FLEX,Flex Ltd,Y2573F102,0.14,300,,2026-07-31,https://manzilfunds.com/
MNZL,FLS,Flowserve Corp,34354P105,0.04,126,,2026-07-31,https://manzilfunds.com/
MNZL,FN,Fabrinet,G3323L100,0.04,23,,2026-07-31,https://manzilfunds.com/
MNZL,FND,Floor & Decor Holdings Inc,339750101,0.02,84,,2026-07-31,https://manzilfunds.com/
MNZL,FORM,FormFactor Inc,346375108,0.03,59,,2026-07-31,https://manzilfunds.com/
MNZL,FPS,Forgent Power Solutions Inc,34631F102,0.01,97,,2026-07-31,https://manzilfunds.com/
MNZL,FRPT,Freshpet Inc,358039105,0.01,43,,2026-07-31,https://manzilfunds.com/
MNZL,FTAI,FTAI Aviation Ltd,G3730V105,0.07,85,,2026-07-31,https://manzilfunds.com/
MNZL,FTI,TechnipFMC PLC,G87110105,0.09,336,,2026-07-31,https://manzilfunds.com/
MNZL,FTNT,Fortinet Inc,34959E109,0.32,513,,2026-07-31,https://manzilfunds.com/
MNZL,FTV,Fortive Corp,34959J108,0.07,294,,2026-07-31,https://manzilfunds.com/
MNZL,G,Genpact Ltd,G3922B107,0.02,126,,2026-07-31,https://manzilfunds.com/
MNZL,GAP,Gap Inc/The,364760108,0.02,210,,2026-07-31,https://manzilfunds.com/
MNZL,GDDY,GoDaddy Inc,380237107,0.05,126,,2026-07-31,https://manzilfunds.com/
MNZL,GEHC,GE HealthCare Technologies Inc,36266G107,0.11,382,,2026-07-31,https://manzilfunds.com/
MNZL,GEV,GE Vernova Inc,36828A101,0.91,230,,2026-07-31,https://manzilfunds.com/
MNZL,GFS,GLOBALFOUNDRIES Inc,G39387108,0.02,84,,2026-07-31,https://manzilfunds.com/
MNZL,GGG,Graco Inc,384109104,0.04,130,,2026-07-31,https://manzilfunds.com/
MNZL,GH,Guardant Health Inc,40131M109,0.06,93,,2026-07-31,https://manzilfunds.com/
MNZL,GILD,Gilead Sciences Inc,375558103,0.56,1058,,2026-07-31,https://manzilfunds.com/
MNZL,GLW,Corning Inc,219350105,0.37,672,,2026-07-31,https://manzilfunds.com/
MNZL,GLXY,Galaxy Digital Inc,36317J209,0.01,138,,2026-07-31,https://manzilfunds.com/
MNZL,GMED,Globus Medical Inc,379577208,0.03,87,,2026-07-31,https://manzilfunds.com/
MNZL,GNRC,Generac Holdings Inc,368736104,0.03,45,,2026-07-31,https://manzilfunds.com/
MNZL,GNTX,Gentex Corp,371901109,0.02,168,,2026-07-31,https://manzilfunds.com/
MNZL,GPC,Genuine Parts Co,372460105,0.06,126,,2026-07-31,https://manzilfunds.com/
MNZL,GRMN,Garmin Ltd,H2906T109,0.16,136,,2026-07-31,https://manzilfunds.com/
MNZL,GSAT,Globalstar Inc,378973507,0.01,44,,2026-07-31,https://manzilfunds.com/
MNZL,GTES,Gates Industrial Corp Ltd,G39104107,0.02,210,,2026-07-31,https://manzilfunds.com/
MNZL,GTLB,Gitlab Inc,37637K108,0.02,126,,2026-07-31,https://manzilfunds.com/
MNZL,GWW,WW Grainger Inc,384802104,0.18,33,,2026-07-31,https://manzilfunds.com/
MNZL,GXO,GXO Logistics Inc,36262G101,0.02,84,,2026-07-31,https://manzilfunds.com/
MNZL,HAL,Halliburton Co,406216101,0.09,714,,2026-07-31,https://manzilfunds.com/
MNZL,HALO,Halozyme Therapeutics Inc,40637H109,0.03,88,,2026-07-31,https://manzilfunds.com/
MNZL,HAYW,Hayward Holdings Inc,421298100,0.01,168,,2026-07-31,https://manzilfunds.com/
MNZL,HD,Home Depot Inc/The,437076102,1.16,866,,2026-07-31,https://manzilfunds.com/
MNZL,HL,Hecla Mining Co,422704106,0.03,495,,2026-07-31,https://manzilfunds.com/
MNZL,HPQ,HP Inc,40434L105,0.09,798,,2026-07-31,https://manzilfunds.com/
MNZL,HRB,H&R Block Inc,093671105,0.02,89,,2026-07-31,https://manzilfunds.com/
MNZL,HSIC,Henry Schein Inc,806407102,0.03,84,,2026-07-31,https://manzilfunds.com/
MNZL,HSY,Hershey Co/The,427866108,0.09,126,,2026-07-31,https://manzilfunds.com/
MNZL,HUBB,Hubbell Inc,443510607,0.08,44,,2026-07-31,https://manzilfunds.com/
MNZL,HUBS,HubSpot Inc,443573100,0.04,43,,2026-07-31,https://manzilfunds.com/
MNZL,IDXX,IDEXX Laboratories Inc,45168D104,0.15,66,,2026-07-31,https://manzilfunds.com/
MNZL,IESC,IES Holdings Inc,44951W106,0.01,6,,2026-07-31,https://manzilfunds.com/
MNZL,IEX,IDEX Corp,45167R104,0.05,58,,2026-07-31,https://manzilfunds.com/
MNZL,IFF,International Flavors & Fragrances Inc,459506101,0.07,210,,2026-07-31,https://manzilfunds.com/
MNZL,ILMN,Illumina Inc,452327109,0.11,128,,2026-07-31,https://manzilfunds.com/
MNZL,INCY,Incyte Corp,45337C102,0.06,129,,2026-07-31,https://manzilfunds.com/
MNZL,INGM,Ingram Micro Holding Corp,457152106,0,32,,2026-07-31,https://manzilfunds.com/
MNZL,INSM,Insmed Inc,457669307,0.07,171,,2026-07-31,https://manzilfunds.com/
MNZL,IONQ,IonQ Inc,46222L108,0.04,277,,2026-07-31,https://manzilfunds.com/
MNZL,IONS,Ionis Pharmaceuticals Inc,462222100,0.04,194,,2026-07-31,https://manzilfunds.com/
MNZL,IP,International Paper Co,460146103,0.07,428,,2026-07-31,https://manzilfunds.com/
MNZL,IPGP,IPG Photonics Corp,44980X109,0,5,,2026-07-31,https://manzilfunds.com/
MNZL,IR,Ingersoll Rand Inc,45687V106,0.11,336,,2026-07-31,https://manzilfunds.com/
MNZL,ISRG,Intuitive Surgical Inc,46120E602,0.44,311,,2026-07-31,https://manzilfunds.com/
MNZL,IT,Gartner Inc,366651107,0.03,47,,2026-07-31,https://manzilfunds.com/
MNZL,ITW,Illinois Tool Works Inc,452308109,0.29,252,,2026-07-31,https://manzilfunds.com/
MNZL,J,Jacobs Solutions Inc,46982L108,0.05,88,,2026-07-31,https://manzilfunds.com/
MNZL,JAN,Janus Living Inc,471024109,0,34,,2026-07-31,https://manzilfunds.com/
MNZL,JBHT,JB Hunt Transport Services Inc,445658107,0.06,59,,2026-07-31,https://manzilfunds.com/
MNZL,JBL,Jabil Inc,466313103,0.11,85,,2026-07-31,https://manzilfunds.com/
MNZL,JCI,Johnson Controls International plc,G51502105,0.3,518,,2026-07-31,https://manzilfunds.com/
MNZL,JHX,James Hardie Industries PLC,G4253H101,0.01,126,,2026-07-31,https://manzilfunds.com/
MNZL,JLL,Jones Lang LaSalle Inc,48020Q107,0.06,43,,2026-07-31,https://manzilfunds.com/
MNZL,JNJ,Johnson & Johnson,478160104,2.2,2132,,2026-07-31,https://manzilfunds.com/
MNZL,KD,Kyndryl Holdings Inc,50155Q100,0.01,210,,2026-07-31,https://manzilfunds.com/
MNZL,KEX,Kirby Corp,497266106,0.02,43,,2026-07-31,https://manzilfunds.com/
MNZL,KEYS,Keysight Technologies Inc,49338L103,0.18,139,,2026-07-31,https://manzilfunds.com/
MNZL,KHC,Kraft Heinz Co/The,500754106,0.08,714,,2026-07-31,https://manzilfunds.com/
MNZL,KLAC,KLA CORP,482480100,0.81,1114,,2026-07-31,https://manzilfunds.com/
MNZL,KMB,Kimberly-Clark Corp,494368103,0.13,294,,2026-07-31,https://manzilfunds.com/
MNZL,KNX,Knight-Swift Transportation Holdings Inc,499049104,0.04,126,,2026-07-31,https://manzilfunds.com/
MNZL,KVUE,Kenvue Inc,49177J102,0.12,1596,,2026-07-31,https://manzilfunds.com/
MNZL,KVYO,Klaviyo Inc,49845K101,0.01,114,,2026-07-31,https://manzilfunds.com/
MNZL,LBRDA,Liberty Broadband Corp,530307107,0,12,,2026-07-31,https://manzilfunds.com/
MNZL,LBRDK,Liberty Broadband Corp,530307305,0.01,84,,2026-07-31,https://manzilfunds.com/
MNZL,LEA,Lear Corp,521865204,0.03,43,,2026-07-31,https://manzilfunds.com/
MNZL,LECO,Lincoln Electric Holdings Inc,533900106,0.04,44,,2026-07-31,https://manzilfunds.com/
MNZL,LEN,Lennar Corp,526057104,0.06,168,,2026-07-31,https://manzilfunds.com/
MNZL,LEN/B,Lennar Corp,526057302,0,7,,2026-07-31,https://manzilfunds.com/
MNZL,LFUS,Littelfuse Inc,537008104,0.04,21,,2026-07-31,https://manzilfunds.com/
MNZL,LH,Labcorp Holdings Inc,504922105,0.08,64,,2026-07-31,https://manzilfunds.com/
MNZL,LII,Lennox International Inc,526107107,0.04,26,,2026-07-31,https://manzilfunds.com/
MNZL,LIN,Linde PLC,G54950103,0.83,404,,2026-07-31,https://manzilfunds.com/
MNZL,LINE,Lineage Inc,53566V106,0.01,43,,2026-07-31,https://manzilfunds.com/
MNZL,LITE,Lumentum Holdings Inc,55024U109,0.16,57,,2026-07-31,https://manzilfunds.com/
MNZL,LKQ,LKQ Corp,501889208,0.02,210,,2026-07-31,https://manzilfunds.com/
MNZL,LLY,Eli Lilly & Co,532457108,3.23,695,,2026-07-31,https://manzilfunds.com/
MNZL,LLYVA,Liberty Live Holdings Inc,530909100,0,4,,2026-07-31,https://manzilfunds.com/
MNZL,LLYVK,Liberty Live Holdings Inc,530909308,0.02,43,,2026-07-31,https://manzilfunds.com/
MNZL,LOAR,Loar Holdings Inc,53947R105,0.01,43,,2026-07-31,https://manzilfunds.com/
MNZL,LOPE,Grand Canyon Education Inc,38526M106,0.03,44,,2026-07-31,https://manzilfunds.com/
MNZL,LOW,Lowe's Cos Inc,548661107,0.41,490,,2026-07-31,https://manzilfunds.com/
MNZL,LPX,Louisiana-Pacific Corp,546347105,0.01,43,,2026-07-31,https://manzilfunds.com/
MNZL,LRCX,Lam Research Corp,512807306,1.28,1066,,2026-07-31,https://manzilfunds.com/
MNZL,LSCC,Lattice Semiconductor Corp,518415104,0.06,126,,2026-07-31,https://manzilfunds.com/
MNZL,LSTR,Landstar System Inc,515098101,0.02,30,,2026-07-31,https://manzilfunds.com/
MNZL,LULU,Lululemon Athletica Inc,550021109,0.04,84,,2026-07-31,https://manzilfunds.com/
MNZL,LUV,Southwest Airlines Co,844741108,0.07,378,,2026-07-31,https://manzilfunds.com/
MNZL,LYFT,Lyft Inc,55087P104,0.02,336,,2026-07-31,https://manzilfunds.com/
MNZL,M,Macy's Inc,55616P104,0.02,210,,2026-07-31,https://manzilfunds.com/
MNZL,MANH,Manhattan Associates Inc,562750109,0.03,45,,2026-07-31,https://manzilfunds.com/
MNZL,MAR,Marriott International Inc/MD,571903202,0.29,190,,2026-07-31,https://manzilfunds.com/
MNZL,MAS,Masco Corp,574599106,0.05,168,,2026-07-31,https://manzilfunds.com/
MNZL,MCHP,Microchip Technology Inc,595017104,0.13,428,,2026-07-31,https://manzilfunds.com/
MNZL,MCK,McKesson Corp,58155Q103,0.38,110,,2026-07-31,https://manzilfunds.com/
MNZL,MDB,MongoDB Inc,60937P106,0.08,61,,2026-07-31,https://manzilfunds.com/
MNZL,MDGL,Madrigal Pharmaceuticals Inc,558868105,0.02,12,,2026-07-31,https://manzilfunds.com/
MNZL,MDLN,Medline Inc,58507V107,0.05,326,,2026-07-31,https://manzilfunds.com/
MNZL,MDLZ,Mondelez International Inc,609207105,0.28,1084,,2026-07-31,https://manzilfunds.com/
MNZL,MDT,Medtronic PLC,G5960L103,0.38,1097,,2026-07-31,https://manzilfunds.com/
MNZL,MEDP,Medpace Holdings Inc,58506Q109,0.04,17,,2026-07-31,https://manzilfunds.com/
MNZL,MFP,Midera Food Processing Inc,59739R104,0.01,43,,2026-07-31,https://manzilfunds.com/
MNZL,MHK,Mohawk Industries Inc,608190104,0.02,43,,2026-07-31,https://manzilfunds.com/
MNZL,MIDD,Middleby Corp/The,596278101,0.02,43,,2026-07-31,https://manzilfunds.com/
MNZL,MKC,McCormick & Co Inc/MD,579780206,0.04,210,,2026-07-31,https://manzilfunds.com/
MNZL,MLI,Mueller Industries Inc,624756102,0.05,176,,2026-07-31,https://manzilfunds.com/
MNZL,MLM,Martin Marietta Materials Inc,573284106,0.12,53,,2026-07-31,https://manzilfunds.com/
MNZL,MMM,3M Co,88579Y101,0.33,462,,2026-07-31,https://manzilfunds.com/
MNZL,MNST,Monster Beverage Corp,61174X109,0.23,592,,2026-07-31,https://manzilfunds.com/
MNZL,MOD,Modine Manufacturing Co,607828100,0.02,32,,2026-07-31,https://manzilfunds.com/
MNZL,MOS,Mosaic Co/The,61945C103,0.02,252,,2026-07-31,https://manzilfunds.com/
MNZL,MPWR,Monolithic Power Systems Inc,609839105,0.22,42,,2026-07-31,https://manzilfunds.com/
MNZL,MRK,Merck & Co Inc,58933Y105,1.14,2190,,2026-07-31,https://manzilfunds.com/
MNZL,MRVL,MARVELL TECHNOLOGY INC,573874104,0.54,736,,2026-07-31,https://manzilfunds.com/
MNZL,MSA,MSA Safety Inc,553498106,0.02,24,,2026-07-31,https://manzilfunds.com/
MNZL,MSM,MSC Industrial Direct Co Inc,553530106,0.02,43,,2026-07-31,https://manzilfunds.com/
MNZL,MSTR,Strategy Inc,594972408,0.12,304,,2026-07-31,https://manzilfunds.com/
MNZL,MTD,Mettler-Toledo International Inc,592688105,0.08,14,,2026-07-31,https://manzilfunds.com/
MNZL,MTDR,Matador Resources Co,576485205,0.02,88,,2026-07-31,https://manzilfunds.com/
MNZL,MTSI,MACOM Technology Solutions Holdings Inc,55405Y100,0.06,61,,2026-07-31,https://manzilfunds.com/
MNZL,MTZ,MasTec Inc,576323109,0.08,58,,2026-07-31,https://manzilfunds.com/
MNZL,MU,Micron Technology Inc,595112103,3.41,968,,2026-07-31,https://manzilfunds.com/
MNZL,MWH,Solv Energy Inc,78475V103,0,28,,2026-07-31,https://manzilfunds.com/
MNZL,NBIX,Neurocrine Biosciences Inc,64125C109,0.06,84,,2026-07-31,https://manzilfunds.com/
MNZL,NDSN,Nordson Corp,655663102,0.05,44,,2026-07-31,https://manzilfunds.com/
MNZL,NEM,Newmont Corp,651639106,0.35,904,,2026-07-31,https://manzilfunds.com/
MNZL,NEU,NewMarket Corp,651587107,0.03,8,,2026-07-31,https://manzilfunds.com/
MNZL,NFG,National Fuel Gas Co,636180101,0.03,84,,2026-07-31,https://manzilfunds.com/
MNZL,NKE,NIKE Inc,654106103,0.17,1010,,2026-07-31,https://manzilfunds.com/
MNZL,NOV,NOV Inc,62955J103,0.02,294,,2026-07-31,https://manzilfunds.com/
MNZL,NOW,ServiceNow Inc,81762P102,0.39,888,,2026-07-31,https://manzilfunds.com/
MNZL,NSC,Norfolk Southern Corp,655844108,0.25,187,,2026-07-31,https://manzilfunds.com/
MNZL,NTAP,NetApp Inc,64110D104,0.12,168,,2026-07-31,https://manzilfunds.com/
MNZL,NTNX,Nutanix Inc,67059N108,0.05,210,,2026-07-31,https://manzilfunds.com/
MNZL,NTRA,Natera Inc,632307104,0.12,110,,2026-07-31,https://manzilfunds.com/
MNZL,NUE,Nucor Corp,670346105,0.19,184,,2026-07-31,https://manzilfunds.com/
MNZL,NVR,NVR Inc,62944T105,0.05,2,,2026-07-31,https://manzilfunds.com/
MNZL,NVST,Envista Holdings Corp,29415F104,0.01,126,,2026-07-31,https://manzilfunds.com/
MNZL,NVT,nVent Electric PLC,G6700G107,0.08,129,,2026-07-31,https://manzilfunds.com/
MNZL,NXT,Nextpower Inc,65290E101,0.04,107,,2026-07-31,https://manzilfunds.com/
MNZL,ODFL,Old Dominion Freight Line Inc,679580100,0.12,146,,2026-07-31,https://manzilfunds.com/
MNZL,OKTA,Okta Inc,679295105,0.07,130,,2026-07-31,https://manzilfunds.com/
MNZL,OLLI,Ollie's Bargain Outlet Holdings Inc,681116109,0.01,43,,2026-07-31,https://manzilfunds.com/
MNZL,ON,ON Semiconductor Corp,682189105,0.11,336,,2026-07-31,https://manzilfunds.com/
MNZL,ONON,On Holding AG,H5919C104,0.03,174,,2026-07-31,https://manzilfunds.com/
MNZL,ONTO,Onto Innovation Inc,683344105,0.04,43,,2026-07-31,https://manzilfunds.com/
MNZL,ORCL,Oracle Corp,68389X105,0.76,1476,,2026-07-31,https://manzilfunds.com/
MNZL,ORLY,O'Reilly Automotive Inc,67103H107,0.25,718,,2026-07-31,https://manzilfunds.com/
MNZL,OTIS,Otis Worldwide Corp,68902V107,0.1,336,,2026-07-31,https://manzilfunds.com/
MNZL,OVV,Ovintiv Inc,69047Q102,0.05,218,,2026-07-31,https://manzilfunds.com/
MNZL,OXY,Occidental Petroleum Corp,674599105,0.13,593,,2026-07-31,https://manzilfunds.com/
MNZL,P,Everpure Inc,74624M102,0.08,257,,2026-07-31,https://manzilfunds.com/
MNZL,PANW,Palo Alto Networks Inc,697435105,0.91,693,,2026-07-31,https://manzilfunds.com/
MNZL,PATH,UiPath Inc,90364P105,0.02,336,,2026-07-31,https://manzilfunds.com/
MNZL,PAYC,Paycom Software Inc,70432V102,0.03,43,,2026-07-31,https://manzilfunds.com/
MNZL,PCAR,PACCAR Inc,693718108,0.23,435,,2026-07-31,https://manzilfunds.com/
MNZL,PCOR,Procore Technologies Inc,74275K108,0.02,89,,2026-07-31,https://manzilfunds.com/
MNZL,PEGA,Pegasystems Inc,705573103,0.01,84,,2026-07-31,https://manzilfunds.com/
MNZL,PEN,Penumbra Inc,70975L107,0.03,20,,2026-07-31,https://manzilfunds.com/
MNZL,PEP,PepsiCo Inc,713448108,0.7,1239,,2026-07-31,https://manzilfunds.com/
MNZL,PFE,Pfizer Inc,717081103,0.49,4919,,2026-07-31,https://manzilfunds.com/
MNZL,PG,Procter & Gamble Co/The,742718109,1.19,2053,,2026-07-31,https://manzilfunds.com/
MNZL,PHM,PulteGroup Inc,745867101,0.09,168,,2026-07-31,https://manzilfunds.com/
MNZL,PINS,Pinterest Inc,72352L106,0.05,504,,2026-07-31,https://manzilfunds.com/
MNZL,PKG,Packaging Corp of America,695156109,0.09,85,,2026-07-31,https://manzilfunds.com/
MNZL,PLD,Prologis Inc,74340W103,0.47,800,,2026-07-31,https://manzilfunds.com/
MNZL,PLNT,Planet Fitness Inc,72703H101,0.02,84,,2026-07-31,https://manzilfunds.com/
MNZL,PNR,Pentair PLC,G7S00T104,0.03,129,,2026-07-31,https://manzilfunds.com/
MNZL,PODD,Insulet Corp,45784P101,0.03,47,,2026-07-31,https://manzilfunds.com/
MNZL,POOL,Pool Corp,73278L105,0.02,21,,2026-07-31,https://manzilfunds.com/
MNZL,POWL,Powell Industries Inc,739128106,0.02,19,,2026-07-31,https://manzilfunds.com/
MNZL,PPG,PPG Industries Inc,693506107,0.08,174,,2026-07-31,https://manzilfunds.com/
MNZL,PPLI,People Inc,44891N208,0.01,43,,2026-07-31,https://manzilfunds.com/
MNZL,PRIM,Primoris Services Corp,74164F103,0.01,33,,2026-07-31,https://manzilfunds.com/
MNZL,PSX,Phillips 66,718546104,0.29,339,,2026-07-31,https://manzilfunds.com/
MNZL,PTC,PTC Inc,69370C100,0.05,88,,2026-07-31,https://manzilfunds.com/
MNZL,PVH,PVH Corp,693656100,0.02,43,,2026-07-31,https://manzilfunds.com/
MNZL,PWR,Quanta Services Inc,74762E102,0.34,128,,2026-07-31,https://manzilfunds.com/
MNZL,Q,Qnity Electronics Inc,74743L100,0.09,171,,2026-07-31,https://manzilfunds.com/
MNZL,QCOM,QUALCOMM Inc,747525103,0.55,898,,2026-07-31,https://manzilfunds.com/
MNZL,QGEN,QIAGEN NV,N72482156,0.03,170,,2026-07-31,https://manzilfunds.com/
MNZL,QRVO,Qorvo Inc,74736K101,0.03,84,,2026-07-31,https://manzilfunds.com/
MNZL,QXO,QXO Inc,82846H405,0.06,1046,,2026-07-31,https://manzilfunds.com/
MNZL,RAL,Ralliant Corp,750940108,0.02,84,,2026-07-31,https://manzilfunds.com/
MNZL,RBA,RB Global Inc,74935Q107,0.07,168,,2026-07-31,https://manzilfunds.com/
MNZL,RBLX,ROBLOX Corp,771049103,0.1,512,,2026-07-31,https://manzilfunds.com/
MNZL,RBRK,Rubrik Inc,781154109,0.04,126,,2026-07-31,https://manzilfunds.com/
MNZL,RDDT,Reddit Inc,75734B100,0.08,110,,2026-07-31,https://manzilfunds.com/
MNZL,REGN,Regeneron Pharmaceuticals Inc,75886F107,0.25,85,,2026-07-31,https://manzilfunds.com/
MNZL,REXR,Rexford Industrial Realty Inc,76169C100,0.03,210,,2026-07-31,https://manzilfunds.com/
MNZL,REYN,Reynolds Consumer Products Inc,76171L106,0,43,,2026-07-31,https://manzilfunds.com/
MNZL,RGEN,Repligen Corp,759916109,0.02,43,,2026-07-31,https://manzilfunds.com/
MNZL,RHI,Robert Half Inc,770323103,0.01,84,,2026-07-31,https://manzilfunds.com/
MNZL,RIVN,Rivian Automotive Inc,76954A103,0.04,593,,2026-07-31,https://manzilfunds.com/
MNZL,RKLB,Rocket Lab Corp,773121108,0.11,421,,2026-07-31,https://manzilfunds.com/
MNZL,RL,Ralph Lauren Corp,751212101,0.05,32,,2026-07-31,https://manzilfunds.com/
MNZL,RMBS,Rambus Inc,750917106,0.03,73,,2026-07-31,https://manzilfunds.com/
MNZL,RMD,ResMed Inc,761152107,0.11,126,,2026-07-31,https://manzilfunds.com/
MNZL,ROK,Rockwell Automation Inc,773903109,0.17,92,,2026-07-31,https://manzilfunds.com/
MNZL,ROL,Rollins Inc,775711104,0.04,252,,2026-07-31,https://manzilfunds.com/
MNZL,ROP,Roper Technologies Inc,776696106,0.13,85,,2026-07-31,https://manzilfunds.com/
MNZL,ROST,Ross Stores Inc,778296103,0.29,281,,2026-07-31,https://manzilfunds.com/
MNZL,RPM,RPM International Inc,749685103,0.04,90,,2026-07-31,https://manzilfunds.com/
MNZL,RRC,Range Resources Corp,75281A109,0.03,210,,2026-07-31,https://manzilfunds.com/
MNZL,RS,Reliance Inc,759509102,0.07,44,,2026-07-31,https://manzilfunds.com/
MNZL,RSG,Republic Services Inc,760759100,0.14,170,,2026-07-31,https://manzilfunds.com/
MNZL,RVTY,Revvity Inc,714046109,0.04,87,,2026-07-31,https://manzilfunds.com/
MNZL,RYN,Rayonier Inc,754907103,0.02,253,,2026-07-31,https://manzilfunds.com/
MNZL,S,SentinelOne Inc,81730H109,0.02,255,,2026-07-31,https://manzilfunds.com/
MNZL,SAIA,Saia Inc,78709Y105,0.03,24,,2026-07-31,https://manzilfunds.com/
MNZL,SAIL,SailPoint Inc,78781J109,0,43,,2026-07-31,https://manzilfunds.com/
MNZL,SANM,Sanmina Corp,801056102,0.02,31,,2026-07-31,https://manzilfunds.com/
MNZL,SBUX,Starbucks Corp,855244109,0.41,971,,2026-07-31,https://manzilfunds.com/
MNZL,SCCO,Southern Copper Corp,84265V105,0.07,89,,2026-07-31,https://manzilfunds.com/
MNZL,SCI,Service Corp International/US,817565104,0.04,126,,2026-07-31,https://manzilfunds.com/
MNZL,SHW,Sherwin-Williams Co/The,824348106,0.28,205,,2026-07-31,https://manzilfunds.com/
MNZL,SITE,SiteOne Landscape Supply Inc,82982L103,0.02,43,,2026-07-31,https://manzilfunds.com/
MNZL,SLB,SLB Ltd,806857108,0.26,1302,,2026-07-31,https://manzilfunds.com/
MNZL,SMMT,Summit Therapeutics Inc,86627T108,0,84,,2026-07-31,https://manzilfunds.com/
MNZL,SMTC,Semtech Corp,816850101,0.03,64,,2026-07-31,https://manzilfunds.com/
MNZL,SN,SharkNinja Inc,G8068L108,0.06,84,,2026-07-31,https://manzilfunds.com/
MNZL,SNA,Snap-on Inc,833034101,0.07,44,,2026-07-31,https://manzilfunds.com/
MNZL,SNDK,Sandisk Corp,80004C200,0.65,126,,2026-07-31,https://manzilfunds.com/
MNZL,SNDR,Schneider National Inc,80689H102,0.01,43,,2026-07-31,https://manzilfunds.com/
MNZL,SNOW,Snowflake Inc,833445109,0.36,296,,2026-07-31,https://manzilfunds.com/
MNZL,SNPS,Synopsys Inc,871607107,0.23,154,,2026-07-31,https://manzilfunds.com/
MNZL,SNX,TD SYNNEX Corp,87162W100,0.06,57,,2026-07-31,https://manzilfunds.com/
MNZL,SOLS,Solstice Advanced Materials Inc,83443Q103,0.03,126,,2026-07-31,https://manzilfunds.com/
MNZL,SPCX,Space Exploration Technologies Corp,84615Q103,0.2,438,,2026-07-31,https://manzilfunds.com/
MNZL,SPXC,SPX Technologies Inc,78473E103,0.02,28,,2026-07-31,https://manzilfunds.com/
MNZL,SRE,Sempra,816851109,0.2,551,,2026-07-31,https://manzilfunds.com/
MNZL,SSD,Simpson Manufacturing Co Inc,829073105,0.03,43,,2026-07-31,https://manzilfunds.com/
MNZL,STE,STERIS PLC,G8473T100,0.08,84,,2026-07-31,https://manzilfunds.com/
MNZL,STLD,Steel Dynamics Inc,858119100,0.13,129,,2026-07-31,https://manzilfunds.com/
MNZL,STRL,Sterling Infrastructure Inc,859241101,0.05,20,,2026-07-31,https://manzilfunds.com/
MNZL,SUI,Sun Communities Inc,866674104,0.04,89,,2026-07-31,https://manzilfunds.com/
MNZL,SUNB,Sunbelt Rentals Holdings Inc,866966104,0.09,322,,2026-07-31,https://manzilfunds.com/
MNZL,SW,Smurfit Westrock PLC,G8267P108,0.08,427,,2026-07-31,https://manzilfunds.com/
MNZL,SWK,Stanley Black & Decker Inc,854502101,0.05,126,,2026-07-31,https://manzilfunds.com/
MNZL,SYK,Stryker Corp,863667101,0.41,295,,2026-07-31,https://manzilfunds.com/
MNZL,T,AT&T Inc,00206R102,0.56,6008,,2026-07-31,https://manzilfunds.com/
MNZL,TEAM,Atlassian Corp,049468101,0.05,130,,2026-07-31,https://manzilfunds.com/
MNZL,TECH,Bio-Techne Corp,09073M104,0.04,126,,2026-07-31,https://manzilfunds.com/
MNZL,TEM,Tempus AI Inc,88023B103,0.01,84,,2026-07-31,https://manzilfunds.com/
MNZL,TER,Teradyne Inc,880770102,0.2,133,,2026-07-31,https://manzilfunds.com/
MNZL,THO,Thor Industries Inc,885160101,0.01,43,,2026-07-31,https://manzilfunds.com/
MNZL,TJX,TJX Cos Inc/The,872540109,0.63,986,,2026-07-31,https://manzilfunds.com/
MNZL,TKR,Timken Co/The,887389104,0.03,46,,2026-07-31,https://manzilfunds.com/
MNZL,TMO,Thermo Fisher Scientific Inc,883556102,0.73,314,,2026-07-31,https://manzilfunds.com/
MNZL,TOL,Toll Brothers Inc,889478103,0.05,84,,2026-07-31,https://manzilfunds.com/
MNZL,TPL,Texas Pacific Land Corp,88262P102,0.09,56,,2026-07-31,https://manzilfunds.com/
MNZL,TPR,Tapestry Inc,876030107,0.1,170,,2026-07-31,https://manzilfunds.com/
MNZL,TREX,Trex Co Inc,89531P105,0.01,84,,2026-07-31,https://manzilfunds.com/
MNZL,TRMB,Trimble Inc,896239100,0.05,210,,2026-07-31,https://manzilfunds.com/
MNZL,TSCO,Tractor Supply Co,892356106,0.06,462,,2026-07-31,https://manzilfunds.com/
MNZL,TSLA,Tesla Inc,88160R101,3.12,2507,,2026-07-31,https://manzilfunds.com/
MNZL,TT,Trane Technologies PLC,G8994E103,0.34,194,,2026-07-31,https://manzilfunds.com/
MNZL,TTC,Toro Co/The,891092108,0.03,84,,2026-07-31,https://manzilfunds.com/
MNZL,TTD,Trade Desk Inc/The,88339J105,0.03,378,,2026-07-31,https://manzilfunds.com/
MNZL,TTEK,Tetra Tech Inc,88162G103,0.03,210,,2026-07-31,https://manzilfunds.com/
MNZL,TWLO,Twilio Inc,90138F102,0.1,126,,2026-07-31,https://manzilfunds.com/
MNZL,TXN,Texas Instruments Inc,882508104,0.86,774,,2026-07-31,https://manzilfunds.com/
MNZL,TYL,Tyler Technologies Inc,902252105,0.06,48,,2026-07-31,https://manzilfunds.com/
MNZL,UAL,United Airlines Holdings Inc,910047109,0.13,259,,2026-07-31,https://manzilfunds.com/
MNZL,UBER,Uber Technologies Inc,90353T100,0.49,1728,,2026-07-31,https://manzilfunds.com/
MNZL,UHS,Universal Health Services Inc,913903100,0.03,43,,2026-07-31,https://manzilfunds.com/
MNZL,UI,Ubiquiti Inc,90353W103,0,1,,2026-07-31,https://manzilfunds.com/
MNZL,ULS,UL Solutions Inc,903731107,0.02,56,,2026-07-31,https://manzilfunds.com/
MNZL,ULTA,ULTA BEAUTY INC,90384S303,0.07,32,,2026-07-31,https://manzilfunds.com/
MNZL,UNP,Union Pacific Corp,907818108,0.6,511,,2026-07-31,https://manzilfunds.com/
MNZL,UPS,United Parcel Service Inc,911312106,0.27,630,,2026-07-31,https://manzilfunds.com/
MNZL,URI,United Rentals Inc,911363109,0.23,53,,2026-07-31,https://manzilfunds.com/
MNZL,UTHR,United Therapeutics Corp,91307C102,0.08,36,,2026-07-31,https://manzilfunds.com/
MNZL,VIAV,Viavi Solutions Inc,925550105,0.02,156,,2026-07-31,https://manzilfunds.com/
MNZL,VICR,Vicor Corp,925815102,0.01,16,,2026-07-31,https://manzilfunds.com/
MNZL,VIK,Viking Holdings Ltd,G93A5A101,0.06,131,,2026-07-31,https://manzilfunds.com/
MNZL,VLTO,Veralto Corp,92338C103,0.08,210,,2026-07-31,https://manzilfunds.com/
MNZL,VMC,Vulcan Materials Co,929160109,0.11,105,,2026-07-31,https://manzilfunds.com/
MNZL,VMI,Valmont Industries Inc,920253101,0.03,18,,2026-07-31,https://manzilfunds.com/
MNZL,VRSN,VeriSign Inc,92343E102,0.07,64,,2026-07-31,https://manzilfunds.com/
MNZL,VRT,Vertiv Holdings Co,92537N108,0.31,336,,2026-07-31,https://manzilfunds.com/
MNZL,VRTX,Vertex Pharmaceuticals Inc,92532F100,0.42,216,,2026-07-31,https://manzilfunds.com/
MNZL,WAB,Westinghouse Air Brake Technologies Corp,929740108,0.18,152,,2026-07-31,https://manzilfunds.com/
MNZL,WAT,Waters Corp,941848103,0.13,85,,2026-07-31,https://manzilfunds.com/
MNZL,WDAY,Workday Inc,98138H101,0.11,171,,2026-07-31,https://manzilfunds.com/
MNZL,WDC,Western Digital Corp,958102105,0.61,283,,2026-07-31,https://manzilfunds.com/
MNZL,WELL,Welltower Inc,95040Q104,0.58,607,,2026-07-31,https://manzilfunds.com/
MNZL,WFRD,Weatherford International PLC,G48833118,0.02,47,,2026-07-31,https://manzilfunds.com/
MNZL,WING,Wingstop Inc,974155103,0.01,16,,2026-07-31,https://manzilfunds.com/
MNZL,WLK,Westlake Corp,960413102,0,6,,2026-07-31,https://manzilfunds.com/
MNZL,WM,Waste Management Inc,94106L109,0.31,336,,2026-07-31,https://manzilfunds.com/
MNZL,WMS,Advanced Drainage Systems Inc,00790R104,0.03,47,,2026-07-31,https://manzilfunds.com/
MNZL,WSM,Williams-Sonoma Inc,969904101,0.09,101,,2026-07-31,https://manzilfunds.com/
MNZL,WSO,Watsco Inc,942622200,0.04,31,,2026-07-31,https://manzilfunds.com/
MNZL,WST,West Pharmaceutical Services Inc,955306105,0.07,54,,2026-07-31,https://manzilfunds.com/
MNZL,WTS,Watts Water Technologies Inc,942749102,0.02,18,,2026-07-31,https://manzilfunds.com/
MNZL,WY,Weyerhaeuser Co,962166104,0.06,588,,2026-07-31,https://manzilfunds.com/
MNZL,XPO,XPO Inc,983793100,0.09,110,,2026-07-31,https://manzilfunds.com/
MNZL,XYL,Xylem Inc/NY,98419M100,0.1,210,,2026-07-31,https://manzilfunds.com/
MNZL,YETI,YETI Holdings Inc,98585X104,0.02,84,,2026-07-31,https://manzilfunds.com/
MNZL,ZBH,ZIMMER BIOMET HOLDINGS INC,98956P102,0.06,169,,2026-07-31,https://manzilfunds.com/
MNZL,ZBRA,Zebra Technologies Corp,989207105,0.05,43,,2026-07-31,https://manzilfunds.com/
MNZL,ZM,Zoom Communications Inc,98980L101,0.07,201,,2026-07-31,https://manzilfunds.com/
MNZL,ZS,Zscaler Inc,98980G102,0.05,84,,2026-07-31,https://manzilfunds.com/
SPUS,A,Agilent Technologies Inc,00846U101,0.11,23956,3428582.72,2026-09-11,https://www.sp-funds.com/wp-content/uploads/data/TidalFG_Holdings_SPUS.csv
SPUS,AAPL,Apple Inc,037833100,12.55,1204959,393503460.63,2026-09-11,https://www.sp-funds.com/wp-content/uploads/data/TidalFG_Holdings_SPUS.csv
SPUS,ABBV,AbbVie Inc,00287Y109,1.19,145953,37218015.0,2026-09-11,https://www.sp-funds.com/wp-content/uploads/data/TidalFG_Holdings_SPUS.csv
SPUS,ABT,Abbott Laboratories,002824100,0.47,142896,14769730.56,2026-09-11,https://www.sp-funds.com/wp-content/uploads/data/TidalFG_Holdings_SPUS.csv
SPUS,ACN,Accenture PLC,G1151C101,0.29,50352,8958124.32,2026-09-11,https://www.sp-funds.com/wp-content/uploads/data/TidalFG_Holdings_SPUS.csv
SPUS,ADBE,Adobe Inc,00724F101,0.26,33143,8246972.69,2026-09-11,https://www.sp-funds.com/wp-content/uploads/data/TidalFG_Holdings_SPUS.csv
SPUS,ADI,Analog Devices Inc,032654105,0.46,39822,14385697.5,2026-09-11,https://www.sp-funds.com/wp-content/uploads/data/TidalFG_Holdings_SPUS.csv
SPUS,ADM,Archer-Daniels-Midland Co,039483102,0.11,39879,3465883.89,2026-09-11,https://www.sp-funds.com/wp-content/uploads/data/TidalFG_Holdings_SPUS.csv
SPUS,ADSK,Autodesk Inc,052769106,0.12,17736,3753114.96,2026-09-11,https://www.sp-funds.com/wp-content/uploads/data/TidalFG_Holdings_SPUS.csv
SPUS,AKAM,Akamai Technologies Inc,00971T101,0.04,11729,1256527.77,2026-09-11,https://www.sp-funds.com/wp-content/uploads/data/TidalFG_Holdings_SPUS.csv
SPUS,ALB,Albemarle Corp,012653101,0.04,9399,1143858.3,2026-09-11,https://www.sp-funds.com/wp-content/uploads/data/TidalFG_Holdings_SPUS.csv
SPUS,ALGN,Align Technology Inc,016255101,0.02,5180,780729.6,2026-09-11,https://www.sp-funds.com/wp-content/uploads/data/TidalFG_Holdings_SPUS.csv
SPUS,ALLE,Allegion plc,G0176J109,0.03,6928,1047998.56,2026-09-11,https://www.sp-funds.com/wp-content/uploads/data/TidalFG_Holdings_SPUS.csv
SPUS,AMAT,Applied Materials Inc,038222105,0.95,65504,29739471.04,2026-09-11,https://www.sp-funds.com/wp-content/uploads/data/TidalFG_Holdings_SPUS.csv
SPUS,AMD,Advanced Micro Devices Inc,007903107,2.14,133157,67057865.2,2026-09-11,https://www.sp-funds.com/wp-content/uploads/data/TidalFG_Holdings_SPUS.csv
SPUS,ANET,Arista Networks Inc,040413205,0.51,84702,16007830.98,2026-09-11,https://www.sp-funds.com/wp-content/uploads/data/TidalFG_Holdings_SPUS.csv
SPUS,AOS,A O Smith Corp,831865209,0.02,9156,519236.76,2026-09-11,https://www.sp-funds.com/wp-content/uploads/data/TidalFG_Holdings_SPUS.csv
SPUS,APD,Air Products and Chemicals Inc,009158106,0.17,18177,5337676.05,2026-09-11,https://www.sp-funds.com/wp-content/uploads/data/TidalFG_Holdings_SPUS.csv
SPUS,AVGO,Broadcom Inc,11135F101,4.46,387038,139654921.54,2026-09-11,https://www.sp-funds.com/wp-content/uploads/data/TidalFG_Holdings_SPUS.csv
SPUS,AVY,Avery Dennison Corp,053611109,0.04,6554,1106118.58,2026-09-11,https://www.sp-funds.com/wp-content/uploads/data/TidalFG_Holdings_SPUS.csv
SPUS,AZO,AutoZone Inc,053332102,0.11,1148,3307927.56,2026-09-11,https://www.sp-funds.com/wp-content/uploads/data/TidalFG_Holdings_SPUS.csv
SPUS,BBY,Best Buy Co Inc,086516101,0.04,15793,1391205.37,2026-09-11,https://www.sp-funds.com/wp-content/uploads/data/TidalFG_Holdings_SPUS.csv
SPUS,BDX,Becton Dickinson & Co,075887109,0.14,24028,4239019.76,2026-09-11,https://www.sp-funds.com/wp-content/uploads/data/TidalFG_Holdings_SPUS.csv
SPUS,BIIB,Biogen Inc,09062X103,0.08,11744,2530009.92,2026-09-11,https://www.sp-funds.com/wp-content/uploads/data/TidalFG_Holdings_SPUS.csv
SPUS,BKNG,Booking Holdings Inc,09857L108,0.35,63550,11051980.5,2026-09-11,https://www.sp-funds.com/wp-content/uploads/data/TidalFG_Holdings_SPUS.csv
SPUS,BLDR,Builders FirstSource Inc,12008R107,0.02,9037,532911.89,2026-09-11,https://www.sp-funds.com/wp-content/uploads/data/TidalFG_Holdings_SPUS.csv
SPUS,BSX,Boston Scientific Corp,101137107,0.17,124259,5355562.9,2026-09-11,https://www.sp-funds.com/wp-content/uploads/data/TidalFG_Holdings_SPUS.csv
SPUS,CAH,Cardinal Health Inc,14149Y108,0.15,19858,4686885.16,2026-09-11,https://www.sp-funds.com/wp-content/uploads/data/TidalFG_Holdings_SPUS.csv
SPUS,CARR,Carrier Global Corp,14448C104,0.12,67183,3805245.12,2026-09-11,https://www.sp-funds.com/wp-content/uploads/data/TidalFG_Holdings_SPUS.csv
SPUS,CDNS,Cadence Design Systems Inc,127387108,0.20,22471,6403111.45,2026-09-11,https://www.sp-funds.com/wp-content/uploads/data/TidalFG_Holdings_SPUS.csv
SPUS,CDW,CDW Corp/DE,12514G108,0.05,10989,1567031.4,2026-09-11,https://www.sp-funds.com/wp-content/uploads/data/TidalFG_Holdings_SPUS.csv
SPUS,CEG,Constellation Energy Corp,21037T109,0.24,26248,7506140.56,2026-09-11,https://www.sp-funds.com/wp-content/uploads/data/TidalFG_Holdings_SPUS.csv
SPUS,CF,CF Industries Holdings Inc,125269100,0.06,13376,1807231.36,2026-09-11,https://www.sp-funds.com/wp-content/uploads/data/TidalFG_Holdings_SPUS.csv
SPUS,CHD,Church & Dwight Co Inc,171340102,0.06,20228,1900218.32,2026-09-11,https://www.sp-funds.com/wp-content/uploads/data/TidalFG_Holdings_SPUS.csv
SPUS,CHRW,CH Robinson Worldwide Inc,12541W209,0.05,9459,1441740.78,2026-09-11,https://www.sp-funds.com/wp-content/uploads/data/TidalFG_Holdings_SPUS.csv
SPUS,CIEN,Ciena Corp,171779309,0.12,11600,3880896.0,2026-09-11,https://www.sp-funds.com/wp-content/uploads/data/TidalFG_Holdings_SPUS.csv
SPUS,CL,Colgate-Palmolive Co,194162103,0.19,67856,5964542.4,2026-09-11,https://www.sp-funds.com/wp-content/uploads/data/TidalFG_Holdings_SPUS.csv
SPUS,CLX,Clorox Co/The,189054109,0.03,9692,860358.84,2026-09-11,https://www.sp-funds.com/wp-content/uploads/data/TidalFG_Holdings_SPUS.csv
SPUS,CMI,Cummins Inc,231021106,0.20,11277,6202688.31,2026-09-11,https://www.sp-funds.com/wp-content/uploads/data/TidalFG_Holdings_SPUS.csv
SPUS,COHR,Coherent Corp,19247G107,0.15,15606,4575211.02,2026-09-11,https://www.sp-funds.com/wp-content/uploads/data/TidalFG_Holdings_SPUS.csv
SPUS,COO,Cooper Cos Inc/The,216648501,0.03,16159,875333.03,2026-09-11,https://www.sp-funds.com/wp-content/uploads/data/TidalFG_Holdings_SPUS.csv
SPUS,COP,ConocoPhillips,20825C104,0.44,99938,13695503.52,2026-09-11,https://www.sp-funds.com/wp-content/uploads/data/TidalFG_Holdings_SPUS.csv
SPUS,COR,Cencora Inc,03073E105,0.16,16009,5138088.55,2026-09-11,https://www.sp-funds.com/wp-content/uploads/data/TidalFG_Holdings_SPUS.csv
SPUS,CPRT,Copart Inc,217204106,0.07,73961,2274300.75,2026-09-11,https://www.sp-funds.com/wp-content/uploads/data/TidalFG_Holdings_SPUS.csv
SPUS,CRH,CRH PLC,G25508105,0.15,55196,4838481.36,2026-09-11,https://www.sp-funds.com/wp-content/uploads/data/TidalFG_Holdings_SPUS.csv
SPUS,CRL,Charles River Laboratories International Inc,159864107,0.03,3330,909090.0,2026-09-11,https://www.sp-funds.com/wp-content/uploads/data/TidalFG_Holdings_SPUS.csv
SPUS,CRM,Salesforce Inc,79466L302,0.52,66679,16202997.0,2026-09-11,https://www.sp-funds.com/wp-content/uploads/data/TidalFG_Holdings_SPUS.csv
SPUS,CRWD,Crowdstrike Holdings Inc,22788C105,0.55,83254,17388430.44,2026-09-11,https://www.sp-funds.com/wp-content/uploads/data/TidalFG_Holdings_SPUS.csv
SPUS,CSCO,Cisco Systems Inc,17275R102,1.12,326747,35105697.68,2026-09-11,https://www.sp-funds.com/wp-content/uploads/data/TidalFG_Holdings_SPUS.csv
SPUS,CSGP,CoStar Group Inc,22160N109,0.03,34968,1031206.32,2026-09-11,https://www.sp-funds.com/wp-content/uploads/data/TidalFG_Holdings_SPUS.csv
SPUS,CSX,CSX Corp,126408103,0.25,158279,7762002.16,2026-09-11,https://www.sp-funds.com/wp-content/uploads/data/TidalFG_Holdings_SPUS.csv
SPUS,CTAS,Cintas Corp,172908105,0.18,28610,5677368.4,2026-09-11,https://www.sp-funds.com/wp-content/uploads/data/TidalFG_Holdings_SPUS.csv
SPUS,CTSH,Cognizant Technology Solutions Corp,192446102,0.08,41374,2412931.68,2026-09-11,https://www.sp-funds.com/wp-content/uploads/data/TidalFG_Holdings_SPUS.csv
SPUS,CTVA,Corteva Inc,22052L104,0.15,57027,4818211.23,2026-09-11,https://www.sp-funds.com/wp-content/uploads/data/TidalFG_Holdings_SPUS.csv
SPUS,DASH,DoorDash Inc,25809K105,0.20,31235,6279172.05,2026-09-11,https://www.sp-funds.com/wp-content/uploads/data/TidalFG_Holdings_SPUS.csv
SPUS,DD,DuPont de Nemours Inc,26614N201,0.05,11614,1478736.92,2026-09-11,https://www.sp-funds.com/wp-content/uploads/data/TidalFG_Holdings_SPUS.csv
SPUS,DECK,Deckers Outdoor Corp,243537107,0.03,11956,955045.28,2026-09-11,https://www.sp-funds.com/wp-content/uploads/data/TidalFG_Holdings_SPUS.csv
SPUS,DHI,DR Horton Inc,23331A109,0.10,22613,3065644.41,2026-09-11,https://www.sp-funds.com/wp-content/uploads/data/TidalFG_Holdings_SPUS.csv
SPUS,DHR,Danaher Corp,235851102,0.34,52981,10624279.93,2026-09-11,https://www.sp-funds.com/wp-content/uploads/data/TidalFG_Holdings_SPUS.csv
SPUS,DOV,Dover Corp,260003108,0.07,11255,2108849.35,2026-09-11,https://www.sp-funds.com/wp-content/uploads/data/TidalFG_Holdings_SPUS.csv
SPUS,DXCM,Dexcom Inc,252131107,0.09,32826,2774125.26,2026-09-11,https://www.sp-funds.com/wp-content/uploads/data/TidalFG_Holdings_SPUS.csv
SPUS,EBAY,eBay Inc,278642103,0.13,38901,4085772.03,2026-09-11,https://www.sp-funds.com/wp-content/uploads/data/TidalFG_Holdings_SPUS.csv
SPUS,ECL,Ecolab Inc,278865100,0.19,21612,5869819.2,2026-09-11,https://www.sp-funds.com/wp-content/uploads/data/TidalFG_Holdings_SPUS.csv
SPUS,EFX,Equifax Inc,294429105,0.05,9737,1636205.48,2026-09-11,https://www.sp-funds.com/wp-content/uploads/data/TidalFG_Holdings_SPUS.csv
SPUS,EL,Estee Lauder Cos Inc/The,518439104,0.06,19661,1896696.67,2026-09-11,https://www.sp-funds.com/wp-content/uploads/data/TidalFG_Holdings_SPUS.csv
SPUS,EMR,Emerson Electric Co,291011104,0.22,47528,7051729.36,2026-09-11,https://www.sp-funds.com/wp-content/uploads/data/TidalFG_Holdings_SPUS.csv
SPUS,EOG,EOG Resources Inc,26875P101,0.21,43686,6441937.56,2026-09-11,https://www.sp-funds.com/wp-content/uploads/data/TidalFG_Holdings_SPUS.csv
SPUS,EQIX,Equinix Inc,29444U700,0.25,7773,7958075.13,2026-09-11,https://www.sp-funds.com/wp-content/uploads/data/TidalFG_Holdings_SPUS.csv
SPUS,EW,Edwards Lifesciences Corp,28176E108,0.13,48705,4226132.85,2026-09-11,https://www.sp-funds.com/wp-content/uploads/data/TidalFG_Holdings_SPUS.csv
SPUS,EXPD,Expeditors International of Washington Inc,302130109,0.07,11239,2127767.48,2026-09-11,https://www.sp-funds.com/wp-content/uploads/data/TidalFG_Holdings_SPUS.csv
SPUS,EXPE,Expedia Group Inc,30212P303,0.08,9537,2640604.56,2026-09-11,https://www.sp-funds.com/wp-content/uploads/data/TidalFG_Holdings_SPUS.csv
SPUS,FANG,Diamondback Energy Inc,25278X109,0.10,15905,3266727.95,2026-09-11,https://www.sp-funds.com/wp-content/uploads/data/TidalFG_Holdings_SPUS.csv
SPUS,FAST,Fastenal Co,311900104,0.15,96163,4712948.63,2026-09-11,https://www.sp-funds.com/wp-content/uploads/data/TidalFG_Holdings_SPUS.csv
SPUS,FCX,Freeport-McMoRan Inc,35671D857,0.28,121207,8631150.47,2026-09-11,https://www.sp-funds.com/wp-content/uploads/data/TidalFG_Holdings_SPUS.csv
SPUS,FDXF,Fedex Freight Holding Co Inc,314352105,0.04,8861,1098941.22,2026-09-11,https://www.sp-funds.com/wp-content/uploads/data/TidalFG_Holdings_SPUS.csv
SPUS,FERG,Ferguson Enterprises Inc,31488V107,0.11,15891,3511434.27,2026-09-11,https://www.sp-funds.com/wp-content/uploads/data/TidalFG_Holdings_SPUS.csv
SPUS,FFIV,F5 Inc,315616102,0.06,4622,1841774.56,2026-09-11,https://www.sp-funds.com/wp-content/uploads/data/TidalFG_Holdings_SPUS.csv
SPUS,FICO,Fair Isaac Corp,303250104,0.04,1404,1348780.68,2026-09-11,https://www.sp-funds.com/wp-content/uploads/data/TidalFG_Holdings_SPUS.csv
SPUS,FIX,Comfort Systems USA Inc,199908104,0.14,2719,4325412.39,2026-09-11,https://www.sp-funds.com/wp-content/uploads/data/TidalFG_Holdings_SPUS.csv
SPUS,FLEX,Flex Ltd,Y2573F102,0.10,29872,3226474.72,2026-09-11,https://www.sp-funds.com/wp-content/uploads/data/TidalFG_Holdings_SPUS.csv
SPUS,FSLR,First Solar Inc,336433107,0.06,8881,1839876.77,2026-09-11,https://www.sp-funds.com/wp-content/uploads/data/TidalFG_Holdings_SPUS.csv
SPUS,FTNT,Fortinet Inc,34959E109,0.27,52911,8404912.35,2026-09-11,https://www.sp-funds.com/wp-content/uploads/data/TidalFG_Holdings_SPUS.csv
SPUS,GDDY,GoDaddy Inc,380237107,0.04,11511,1109315.07,2026-09-11,https://www.sp-funds.com/wp-content/uploads/data/TidalFG_Holdings_SPUS.csv
SPUS,GEHC,GE HealthCare Technologies Inc,36266G107,0.08,37870,2432768.8,2026-09-11,https://www.sp-funds.com/wp-content/uploads/data/TidalFG_Holdings_SPUS.csv
SPUS,GEV,GE Vernova Inc,36828A101,0.65,21929,20260422.39,2026-09-11,https://www.sp-funds.com/wp-content/uploads/data/TidalFG_Holdings_SPUS.csv
SPUS,GILD,Gilead Sciences Inc,375558103,0.47,101855,14749622.55,2026-09-11,https://www.sp-funds.com/wp-content/uploads/data/TidalFG_Holdings_SPUS.csv
SPUS,GLW,Corning Inc,219350105,0.34,65019,10605899.28,2026-09-11,https://www.sp-funds.com/wp-content/uploads/data/TidalFG_Holdings_SPUS.csv
SPUS,GNRC,Generac Holdings Inc,368736104,0.03,4700,853849.0,2026-09-11,https://www.sp-funds.com/wp-content/uploads/data/TidalFG_Holdings_SPUS.csv
SPUS,GOOGL,Alphabet Inc,02079K305,5.10,481038,159993238.8,2026-09-11,https://www.sp-funds.com/wp-content/uploads/data/TidalFG_Holdings_SPUS.csv
SPUS,GPC,Genuine Parts Co,372460105,0.05,11335,1520703.6,2026-09-11,https://www.sp-funds.com/wp-content/uploads/data/TidalFG_Holdings_SPUS.csv
SPUS,GRMN,Garmin Ltd,H2906T109,0.12,13573,3682456.7,2026-09-11,https://www.sp-funds.com/wp-content/uploads/data/TidalFG_Holdings_SPUS.csv
SPUS,GWW,WW Grainger Inc,384802104,0.13,3251,4133613.99,2026-09-11,https://www.sp-funds.com/wp-content/uploads/data/TidalFG_Holdings_SPUS.csv
SPUS,HAL,Halliburton Co,406216101,0.08,72041,2598518.87,2026-09-11,https://www.sp-funds.com/wp-content/uploads/data/TidalFG_Holdings_SPUS.csv
SPUS,HD,Home Depot Inc/The,437076102,0.80,82307,25160426.83,2026-09-11,https://www.sp-funds.com/wp-content/uploads/data/TidalFG_Holdings_SPUS.csv
SPUS,HSY,Hershey Co/The,427866108,0.07,11814,2059652.76,2026-09-11,https://www.sp-funds.com/wp-content/uploads/data/TidalFG_Holdings_SPUS.csv
SPUS,HUBB,Hubbell Inc,443510607,0.06,4429,2003723.89,2026-09-11,https://www.sp-funds.com/wp-content/uploads/data/TidalFG_Holdings_SPUS.csv
SPUS,IBM,International Business Machines Corp,459200101,0.58,77040,18028900.8,2026-09-11,https://www.sp-funds.com/wp-content/uploads/data/TidalFG_Holdings_SPUS.csv
SPUS,IDXX,IDEXX Laboratories Inc,45168D104,0.11,6660,3373489.8,2026-09-11,https://www.sp-funds.com/wp-content/uploads/data/TidalFG_Holdings_SPUS.csv
SPUS,IEX,IDEX Corp,45167R104,0.04,5532,1225116.72,2026-09-11,https://www.sp-funds.com/wp-content/uploads/data/TidalFG_Holdings_SPUS.csv
SPUS,INCY,Incyte Corp,45337C102,0.05,13312,1641103.36,2026-09-11,https://www.sp-funds.com/wp-content/uploads/data/TidalFG_Holdings_SPUS.csv
SPUS,IR,Ingersoll Rand Inc,45687V106,0.07,30411,2222739.99,2026-09-11,https://www.sp-funds.com/wp-content/uploads/data/TidalFG_Holdings_SPUS.csv
SPUS,ISRG,Intuitive Surgical Inc,46120E602,0.34,29465,10620953.9,2026-09-11,https://www.sp-funds.com/wp-content/uploads/data/TidalFG_Holdings_SPUS.csv
SPUS,IT,Gartner Inc,366651107,0.04,6496,1108347.52,2026-09-11,https://www.sp-funds.com/wp-content/uploads/data/TidalFG_Holdings_SPUS.csv
SPUS,ITW,Illinois Tool Works Inc,452308109,0.19,22141,5871793.2,2026-09-11,https://www.sp-funds.com/wp-content/uploads/data/TidalFG_Holdings_SPUS.csv
SPUS,JBHT,JB Hunt Transport Services Inc,445658107,0.06,6562,1757500.46,2026-09-11,https://www.sp-funds.com/wp-content/uploads/data/TidalFG_Holdings_SPUS.csv
SPUS,JBL,Jabil Inc,466313103,0.09,8886,2690680.8,2026-09-11,https://www.sp-funds.com/wp-content/uploads/data/TidalFG_Holdings_SPUS.csv
SPUS,JCI,Johnson Controls International plc,G51502105,0.23,51143,7303731.83,2026-09-11,https://www.sp-funds.com/wp-content/uploads/data/TidalFG_Holdings_SPUS.csv
SPUS,JNJ,Johnson & Johnson,478160104,1.68,197474,52597199.9,2026-09-11,https://www.sp-funds.com/wp-content/uploads/data/TidalFG_Holdings_SPUS.csv
SPUS,KLAC,KLA CORP,482480100,0.60,106705,18905991.9,2026-09-11,https://www.sp-funds.com/wp-content/uploads/data/TidalFG_Holdings_SPUS.csv
SPUS,KMB,Kimberly-Clark Corp,494368103,0.09,27172,2675898.56,2026-09-11,https://www.sp-funds.com/wp-content/uploads/data/TidalFG_Holdings_SPUS.csv
SPUS,KVUE,Kenvue Inc,49177J102,0.09,162137,2884417.23,2026-09-11,https://www.sp-funds.com/wp-content/uploads/data/TidalFG_Holdings_SPUS.csv
SPUS,LH,Labcorp Holdings Inc,504922105,0.07,6816,2092239.36,2026-09-11,https://www.sp-funds.com/wp-content/uploads/data/TidalFG_Holdings_SPUS.csv
SPUS,LII,Lennox International Inc,526107107,0.03,2464,918135.68,2026-09-11,https://www.sp-funds.com/wp-content/uploads/data/TidalFG_Holdings_SPUS.csv
SPUS,LIN,Linde PLC,G54950103,0.56,37703,17404458.86,2026-09-11,https://www.sp-funds.com/wp-content/uploads/data/TidalFG_Holdings_SPUS.csv
SPUS,LITE,Lumentum Holdings Inc,55024U109,0.18,6169,5772333.3,2026-09-11,https://www.sp-funds.com/wp-content/uploads/data/TidalFG_Holdings_SPUS.csv
SPUS,LLY,Eli Lilly & Co,532457108,2.31,64477,72407671.0,2026-09-11,https://www.sp-funds.com/wp-content/uploads/data/TidalFG_Holdings_SPUS.csv
SPUS,LOW,Lowe's Cos Inc,548661107,0.29,46484,9138289.56,2026-09-11,https://www.sp-funds.com/wp-content/uploads/data/TidalFG_Holdings_SPUS.csv
SPUS,LRCX,Lam Research Corp,512807306,0.98,103010,30698010.1,2026-09-11,https://www.sp-funds.com/wp-content/uploads/data/TidalFG_Holdings_SPUS.csv
SPUS,LULU,Lululemon Athletica Inc,550021109,0.03,9038,875601.44,2026-09-11,https://www.sp-funds.com/wp-content/uploads/data/TidalFG_Holdings_SPUS.csv
SPUS,MAS,Masco Corp,574599106,0.04,17594,1190058.16,2026-09-11,https://www.sp-funds.com/wp-content/uploads/data/TidalFG_Holdings_SPUS.csv
SPUS,MCHP,Microchip Technology Inc,595017104,0.10,45436,3252308.88,2026-09-11,https://www.sp-funds.com/wp-content/uploads/data/TidalFG_Holdings_SPUS.csv
SPUS,MCK,McKesson Corp,58155Q103,0.28,9920,8738131.2,2026-09-11,https://www.sp-funds.com/wp-content/uploads/data/TidalFG_Holdings_SPUS.csv
SPUS,MDLZ,Mondelez International Inc,609207105,0.22,108816,6797735.52,2026-09-11,https://www.sp-funds.com/wp-content/uploads/data/TidalFG_Holdings_SPUS.csv
SPUS,MDT,Medtronic PLC,G5960L103,0.32,108219,9915024.78,2026-09-11,https://www.sp-funds.com/wp-content/uploads/data/TidalFG_Holdings_SPUS.csv
SPUS,MKC,McCormick & Co Inc/MD,579780206,0.03,20573,1051280.3,2026-09-11,https://www.sp-funds.com/wp-content/uploads/data/TidalFG_Holdings_SPUS.csv
SPUS,MLM,Martin Marietta Materials Inc,573284106,0.08,4757,2390249.79,2026-09-11,https://www.sp-funds.com/wp-content/uploads/data/TidalFG_Holdings_SPUS.csv
SPUS,MMM,3M Co,88579Y101,0.22,42747,6961776.42,2026-09-11,https://www.sp-funds.com/wp-content/uploads/data/TidalFG_Holdings_SPUS.csv
SPUS,MNST,Monster Beverage Corp,61174X109,0.16,117844,5077897.96,2026-09-11,https://www.sp-funds.com/wp-content/uploads/data/TidalFG_Holdings_SPUS.csv
SPUS,MPWR,Monolithic Power Systems Inc,609839105,0.15,3983,4724156.64,2026-09-11,https://www.sp-funds.com/wp-content/uploads/data/TidalFG_Holdings_SPUS.csv
SPUS,MRK,Merck & Co Inc,58933Y105,0.94,202589,29316654.19,2026-09-11,https://www.sp-funds.com/wp-content/uploads/data/TidalFG_Holdings_SPUS.csv
SPUS,MRVL,MARVELL TECHNOLOGY INC,573874104,0.52,71543,16237399.28,2026-09-11,https://www.sp-funds.com/wp-content/uploads/data/TidalFG_Holdings_SPUS.csv
SPUS,MSFT,Microsoft Corp,594918104,9.57,609449,300117065.56,2026-09-11,https://www.sp-funds.com/wp-content/uploads/data/TidalFG_Holdings_SPUS.csv
SPUS,MTD,Mettler-Toledo International Inc,592688105,0.05,1215,1555904.7,2026-09-11,https://www.sp-funds.com/wp-content/uploads/data/TidalFG_Holdings_SPUS.csv
SPUS,MU,Micron Technology Inc,595112103,2.87,92056,89976454.96,2026-09-11,https://www.sp-funds.com/wp-content/uploads/data/TidalFG_Holdings_SPUS.csv
SPUS,NDSN,Nordson Corp,655663102,0.04,4462,1371841.9,2026-09-11,https://www.sp-funds.com/wp-content/uploads/data/TidalFG_Holdings_SPUS.csv
SPUS,NEM,Newmont Corp,651639106,0.35,87556,11044313.84,2026-09-11,https://www.sp-funds.com/wp-content/uploads/data/TidalFG_Holdings_SPUS.csv
SPUS,NKE,NIKE Inc,654106103,0.12,99522,3644495.64,2026-09-11,https://www.sp-funds.com/wp-content/uploads/data/TidalFG_Holdings_SPUS.csv
SPUS,NOW,ServiceNow Inc,81762P102,0.36,87016,11413888.72,2026-09-11,https://www.sp-funds.com/wp-content/uploads/data/TidalFG_Holdings_SPUS.csv
SPUS,NSC,Norfolk Southern Corp,655844108,0.19,18333,5927058.9,2026-09-11,https://www.sp-funds.com/wp-content/uploads/data/TidalFG_Holdings_SPUS.csv
SPUS,NTAP,NetApp Inc,64110D104,0.10,16340,3000024.0,2026-09-11,https://www.sp-funds.com/wp-content/uploads/data/TidalFG_Holdings_SPUS.csv
SPUS,NUE,Nucor Corp,670346105,0.16,19481,4976616.26,2026-09-11,https://www.sp-funds.com/wp-content/uploads/data/TidalFG_Holdings_SPUS.csv
SPUS,NVDA,NVIDIA Corp,67066G104,13.84,1987091,433901190.76,2026-09-11,https://www.sp-funds.com/wp-content/uploads/data/TidalFG_Holdings_SPUS.csv
SPUS,NXPI,NXP Semiconductors NV,N6596X109,0.15,20571,4658611.52,2026-09-11,https://www.sp-funds.com/wp-content/uploads/data/TidalFG_Holdings_SPUS.csv
SPUS,ODFL,Old Dominion Freight Line Inc,679580100,0.09,15461,2791483.55,2026-09-11,https://www.sp-funds.com/wp-content/uploads/data/TidalFG_Holdings_SPUS.csv
SPUS,ON,ON Semiconductor Corp,682189105,0.08,34978,2454406.26,2026-09-11,https://www.sp-funds.com/wp-content/uploads/data/TidalFG_Holdings_SPUS.csv
SPUS,ORCL,Oracle Corp,68389X105,0.68,138683,21210178.02,2026-09-11,https://www.sp-funds.com/wp-content/uploads/data/TidalFG_Holdings_SPUS.csv
SPUS,ORLY,O'Reilly Automotive Inc,67103H107,0.19,67975,5812542.25,2026-09-11,https://www.sp-funds.com/wp-content/uploads/data/TidalFG_Holdings_SPUS.csv
SPUS,OTIS,Otis Worldwide Corp,68902V107,0.07,32948,2236839.72,2026-09-11,https://www.sp-funds.com/wp-content/uploads/data/TidalFG_Holdings_SPUS.csv
SPUS,OXY,Occidental Petroleum Corp,674599105,0.12,59539,3641405.24,2026-09-11,https://www.sp-funds.com/wp-content/uploads/data/TidalFG_Holdings_SPUS.csv
SPUS,PANW,Palo Alto Networks Inc,697435105,0.72,66501,22509923.49,2026-09-11,https://www.sp-funds.com/wp-content/uploads/data/TidalFG_Holdings_SPUS.csv
SPUS,PEP,PepsiCo Inc,713448108,0.49,112085,15316415.25,2026-09-11,https://www.sp-funds.com/wp-content/uploads/data/TidalFG_Holdings_SPUS.csv
SPUS,PG,Procter & Gamble Co/The,742718109,0.88,192266,27488270.02,2026-09-11,https://www.sp-funds.com/wp-content/uploads/data/TidalFG_Holdings_SPUS.csv
SPUS,PHM,PulteGroup Inc,745867101,0.06,16161,1881302.01,2026-09-11,https://www.sp-funds.com/wp-content/uploads/data/TidalFG_Holdings_SPUS.csv
SPUS,PKG,Packaging Corp of America,695156109,0.05,7097,1649413.77,2026-09-11,https://www.sp-funds.com/wp-content/uploads/data/TidalFG_Holdings_SPUS.csv
SPUS,PLD,Prologis Inc,74340W103,0.34,78167,10506426.47,2026-09-11,https://www.sp-funds.com/wp-content/uploads/data/TidalFG_Holdings_SPUS.csv
SPUS,PNR,Pentair PLC,G7S00T104,0.02,13505,766138.65,2026-09-11,https://www.sp-funds.com/wp-content/uploads/data/TidalFG_Holdings_SPUS.csv
SPUS,PODD,Insulet Corp,45784P101,0.02,5287,712053.16,2026-09-11,https://www.sp-funds.com/wp-content/uploads/data/TidalFG_Holdings_SPUS.csv
SPUS,PPG,PPG Industries Inc,693506107,0.06,18407,1933655.35,2026-09-11,https://www.sp-funds.com/wp-content/uploads/data/TidalFG_Holdings_SPUS.csv
SPUS,PTC,PTC Inc,69370C100,0.04,9517,1224980.66,2026-09-11,https://www.sp-funds.com/wp-content/uploads/data/TidalFG_Holdings_SPUS.csv
SPUS,PWR,Quanta Services Inc,74762E102,0.24,12092,7481683.16,2026-09-11,https://www.sp-funds.com/wp-content/uploads/data/TidalFG_Holdings_SPUS.csv
SPUS,Q,Qnity Electronics Inc,74743L100,0.07,16927,2087437.64,2026-09-11,https://www.sp-funds.com/wp-content/uploads/data/TidalFG_Holdings_SPUS.csv
SPUS,QCOM,QUALCOMM Inc,747525103,0.49,85982,15208496.16,2026-09-11,https://www.sp-funds.com/wp-content/uploads/data/TidalFG_Holdings_SPUS.csv
SPUS,RDDT,Reddit Inc,75734B100,0.05,10621,1649866.14,2026-09-11,https://www.sp-funds.com/wp-content/uploads/data/TidalFG_Holdings_SPUS.csv
SPUS,REGN,Regeneron Pharmaceuticals Inc,75886F107,0.20,7922,6284205.72,2026-09-11,https://www.sp-funds.com/wp-content/uploads/data/TidalFG_Holdings_SPUS.csv
SPUS,RL,Ralph Lauren Corp,751212101,0.03,2855,961192.85,2026-09-11,https://www.sp-funds.com/wp-content/uploads/data/TidalFG_Holdings_SPUS.csv
SPUS,RMD,ResMed Inc,761152107,0.08,11749,2579845.42,2026-09-11,https://www.sp-funds.com/wp-content/uploads/data/TidalFG_Holdings_SPUS.csv
SPUS,ROK,Rockwell Automation Inc,773903109,0.12,9141,3851743.17,2026-09-11,https://www.sp-funds.com/wp-content/uploads/data/TidalFG_Holdings_SPUS.csv
SPUS,ROL,Rollins Inc,775711104,0.03,23770,821491.2,2026-09-11,https://www.sp-funds.com/wp-content/uploads/data/TidalFG_Holdings_SPUS.csv
SPUS,ROP,Roper Technologies Inc,776696106,0.11,8894,3456030.52,2026-09-11,https://www.sp-funds.com/wp-content/uploads/data/TidalFG_Holdings_SPUS.csv
SPUS,ROST,Ross Stores Inc,778296103,0.19,26994,6086607.12,2026-09-11,https://www.sp-funds.com/wp-content/uploads/data/TidalFG_Holdings_SPUS.csv
SPUS,RSG,Republic Services Inc,760759100,0.12,16326,3609352.08,2026-09-11,https://www.sp-funds.com/wp-content/uploads/data/TidalFG_Holdings_SPUS.csv
SPUS,RVTY,Revvity Inc,714046109,0.04,9395,1136231.3,2026-09-11,https://www.sp-funds.com/wp-content/uploads/data/TidalFG_Holdings_SPUS.csv
SPUS,SHW,Sherwin-Williams Co/The,824348106,0.20,19472,6181191.68,2026-09-11,https://www.sp-funds.com/wp-content/uploads/data/TidalFG_Holdings_SPUS.csv
SPUS,SLB,SLB Ltd,806857108,0.23,126180,7067341.8,2026-09-11,https://www.sp-funds.com/wp-content/uploads/data/TidalFG_Holdings_SPUS.csv
SPUS,SNDK,Sandisk Corp,80004C200,0.65,11990,20294154.1,2026-09-11,https://www.sp-funds.com/wp-content/uploads/data/TidalFG_Holdings_SPUS.csv
SPUS,SNPS,Synopsys Inc,871607107,0.20,15411,6120786.87,2026-09-11,https://www.sp-funds.com/wp-content/uploads/data/TidalFG_Holdings_SPUS.csv
SPUS,STE,STERIS PLC,G8473T100,0.05,7558,1605697.1,2026-09-11,https://www.sp-funds.com/wp-content/uploads/data/TidalFG_Holdings_SPUS.csv
SPUS,STLD,Steel Dynamics Inc,858119100,0.09,11301,2679241.08,2026-09-11,https://www.sp-funds.com/wp-content/uploads/data/TidalFG_Holdings_SPUS.csv
SPUS,STX,Seagate Technology Holdings PLC,G7997R103,0.50,18113,15619383.29,2026-09-11,https://www.sp-funds.com/wp-content/uploads/data/TidalFG_Holdings_SPUS.csv
SPUS,SWKS,Skyworks Solutions Inc,83088M102,0.03,11915,1001217.45,2026-09-11,https://www.sp-funds.com/wp-content/uploads/data/TidalFG_Holdings_SPUS.csv
SPUS,SYK,Stryker Corp,863667101,0.25,28654,7736866.54,2026-09-11,https://www.sp-funds.com/wp-content/uploads/data/TidalFG_Holdings_SPUS.csv
SPUS,TECH,Bio-Techne Corp,09073M104,0.03,13127,946194.16,2026-09-11,https://www.sp-funds.com/wp-content/uploads/data/TidalFG_Holdings_SPUS.csv
SPUS,TEL,TE Connectivity PLC,G87052109,0.16,24513,5016095.19,2026-09-11,https://www.sp-funds.com/wp-content/uploads/data/TidalFG_Holdings_SPUS.csv
SPUS,TER,Teradyne Inc,880770102,0.16,13300,4923527.0,2026-09-11,https://www.sp-funds.com/wp-content/uploads/data/TidalFG_Holdings_SPUS.csv
SPUS,TGT,Target Corp,87612E106,0.19,37690,5869463.7,2026-09-11,https://www.sp-funds.com/wp-content/uploads/data/TidalFG_Holdings_SPUS.csv
SPUS,TJX,TJX Cos Inc/The,872540109,0.37,90725,11469454.5,2026-09-11,https://www.sp-funds.com/wp-content/uploads/data/TidalFG_Holdings_SPUS.csv
SPUS,TMO,Thermo Fisher Scientific Inc,883556102,0.59,30483,18386735.94,2026-09-11,https://www.sp-funds.com/wp-content/uploads/data/TidalFG_Holdings_SPUS.csv
SPUS,TPL,Texas Pacific Land Corp,88262P102,0.06,4715,1726161.5,2026-09-11,https://www.sp-funds.com/wp-content/uploads/data/TidalFG_Holdings_SPUS.csv
SPUS,TPR,Tapestry Inc,876030107,0.06,17439,2020656.93,2026-09-11,https://www.sp-funds.com/wp-content/uploads/data/TidalFG_Holdings_SPUS.csv
SPUS,TRMB,Trimble Inc,896239100,0.04,19853,1128444.52,2026-09-11,https://www.sp-funds.com/wp-content/uploads/data/TidalFG_Holdings_SPUS.csv
SPUS,TSCO,Tractor Supply Co,892356106,0.05,44132,1479304.64,2026-09-11,https://www.sp-funds.com/wp-content/uploads/data/TidalFG_Holdings_SPUS.csv
SPUS,TSLA,Tesla Inc,88160R101,2.67,230039,83632978.84,2026-09-11,https://www.sp-funds.com/wp-content/uploads/data/TidalFG_Holdings_SPUS.csv
SPUS,TT,Trane Technologies PLC,G8994E103,0.26,18184,7997868.72,2026-09-11,https://www.sp-funds.com/wp-content/uploads/data/TidalFG_Holdings_SPUS.csv
SPUS,TTD,Trade Desk Inc/The,88339J105,0.02,37372,522086.84,2026-09-11,https://www.sp-funds.com/wp-content/uploads/data/TidalFG_Holdings_SPUS.csv
SPUS,TXN,Texas Instruments Inc,882508104,0.61,74317,19234725.94,2026-09-11,https://www.sp-funds.com/wp-content/uploads/data/TidalFG_Holdings_SPUS.csv
SPUS,TYL,Tyler Technologies Inc,902252105,0.03,3046,1021872.08,2026-09-11,https://www.sp-funds.com/wp-content/uploads/data/TidalFG_Holdings_SPUS.csv
SPUS,UBER,Uber Technologies Inc,90353T100,0.39,166413,12074927.28,2026-09-11,https://www.sp-funds.com/wp-content/uploads/data/TidalFG_Holdings_SPUS.csv
SPUS,ULTA,ULTA BEAUTY INC,90384S303,0.06,3314,1775077.82,2026-09-11,https://www.sp-funds.com/wp-content/uploads/data/TidalFG_Holdings_SPUS.csv
SPUS,UNP,Union Pacific Corp,907818108,0.44,48680,13911770.4,2026-09-11,https://www.sp-funds.com/wp-content/uploads/data/TidalFG_Holdings_SPUS.csv
SPUS,UPS,United Parcel Service Inc,911312106,0.20,61376,6135758.72,2026-09-11,https://www.sp-funds.com/wp-content/uploads/data/TidalFG_Holdings_SPUS.csv
SPUS,URI,United Rentals Inc,911363109,0.16,5043,4987930.44,2026-09-11,https://www.sp-funds.com/wp-content/uploads/data/TidalFG_Holdings_SPUS.csv
SPUS,VLTO,Veralto Corp,92338C103,0.06,20326,1899464.7,2026-09-11,https://www.sp-funds.com/wp-content/uploads/data/TidalFG_Holdings_SPUS.csv
SPUS,VMC,Vulcan Materials Co,929160109,0.09,11009,2758855.4,2026-09-11,https://www.sp-funds.com/wp-content/uploads/data/TidalFG_Holdings_SPUS.csv
SPUS,VRSN,VeriSign Inc,92343E102,0.06,6676,1928362.6,2026-09-11,https://www.sp-funds.com/wp-content/uploads/data/TidalFG_Holdings_SPUS.csv
SPUS,VRT,Vertiv Holdings Co,92537N108,0.25,31746,7877134.98,2026-09-11,https://www.sp-funds.com/wp-content/uploads/data/TidalFG_Holdings_SPUS.csv
SPUS,VRTX,Vertex Pharmaceuticals Inc,92532F100,0.34,20950,10780032.0,2026-09-11,https://www.sp-funds.com/wp-content/uploads/data/TidalFG_Holdings_SPUS.csv
SPUS,WAB,Westinghouse Air Brake Technologies Corp,929740108,0.12,13841,3879217.07,2026-09-11,https://www.sp-funds.com/wp-content/uploads/data/TidalFG_Holdings_SPUS.csv
SPUS,WAT,Waters Corp,941848103,0.10,7730,3104677.2,2026-09-11,https://www.sp-funds.com/wp-content/uploads/data/TidalFG_Holdings_SPUS.csv
SPUS,WDAY,Workday Inc,98138H101,0.11,17877,3308853.93,2026-09-11,https://www.sp-funds.com/wp-content/uploads/data/TidalFG_Holdings_SPUS.csv
SPUS,WELL,Welltower Inc,95040Q104,0.43,57587,13573831.77,2026-09-11,https://www.sp-funds.com/wp-content/uploads/data/TidalFG_Holdings_SPUS.csv
SPUS,WM,Waste Management Inc,94106L109,0.21,30652,6554163.9,2026-09-11,https://www.sp-funds.com/wp-content/uploads/data/TidalFG_Holdings_SPUS.csv
SPUS,WSM,Williams-Sonoma Inc,969904101,0.07,9659,2161104.66,2026-09-11,https://www.sp-funds.com/wp-content/uploads/data/TidalFG_Holdings_SPUS.csv
SPUS,WST,West Pharmaceutical Services Inc,955306105,0.06,5348,1841049.0,2026-09-11,https://www.sp-funds.com/wp-content/uploads/data/TidalFG_Holdings_SPUS.csv
SPUS,WY,Weyerhaeuser Co,962166104,0.04,60968,1340686.32,2026-09-11,https://www.sp-funds.com/wp-content/uploads/data/TidalFG_Holdings_SPUS.csv
SPUS,XOM,ExxonMobil Holdings Corp,30233Q108,1.79,338680,55960096.4,2026-09-11,https://www.sp-funds.com/wp-content/uploads/data/TidalFG_Holdings_SPUS.csv
SPUS,XYL,Xylem Inc/NY,98419M100,0.07,20093,2140909.15,2026-09-11,https://www.sp-funds.com/wp-content/uploads/data/TidalFG_Holdings_SPUS.csv
SPUS,ZBRA,Zebra Technologies Corp,989207105,0.04,3413,1174106.13,2026-09-11,https://www.sp-funds.com/wp-content/uploads/data/TidalFG_Holdings_SPUS.csv
