fund,symbol,name,cusip,weight,shares,market_value,holdings_date,source_url
HLAL,A,Agilent Technologies Inc,00846U101,0.12,6903,1189455.93,2026-10-01,https://docs.google.com/spreadsheets/d/1UC1Bk67bGuYsos_i8y_HQpNoHpVHAvqf71MbgrafJOQ/export?format=csv&gid=0
HLAL,AAPL,Apple Inc,,11.94,350733,116801103.7,2026-10-01,https://docs.google.com/spreadsheets/d/1UC1Bk67bGuYsos_i8y_HQpNoHpVHAvqf71MbgrafJOQ/export?format=csv&gid=0
HLAL,ABT,Abbott Laboratories,,0.43,42350,4185450.5,2026-10-01,https://docs.google.com/spreadsheets/d/1UC1Bk67bGuYsos_i8y_HQpNoHpVHAvqf71MbgrafJOQ/export?format=csv&gid=0
HLAL,ADBE,Adobe Inc,00724F101,0.24,9710,2329817.4,2026-10-01,https://docs.google.com/spreadsheets/d/1UC1Bk67bGuYsos_i8y_HQpNoHpVHAvqf71MbgrafJOQ/export?format=csv&gid=0
HLAL,ADI,Analog Devices Inc,,0.48,11928,4731956.88,2026-10-01,https://docs.google.com/spreadsheets/d/1UC1Bk67bGuYsos_i8y_HQpNoHpVHAvqf71MbgrafJOQ/export?format=csv&gid=0
HLAL,ADM,Archer-Daniels-Midland Co,,0.10,11721,930412.98,2026-10-01,https://docs.google.com/spreadsheets/d/1UC1Bk67bGuYsos_i8y_HQpNoHpVHAvqf71MbgrafJOQ/export?format=csv&gid=0
HLAL,ADSK,Autodesk Inc,,0.11,5158,1078022,2026-10-01,https://docs.google.com/spreadsheets/d/1UC1Bk67bGuYsos_i8y_HQpNoHpVHAvqf71MbgrafJOQ/export?format=csv&gid=0
HLAL,AMAT,Applied Materials Inc,,1.01,19373,9906964.74,2026-10-01,https://docs.google.com/spreadsheets/d/1UC1Bk67bGuYsos_i8y_HQpNoHpVHAvqf71MbgrafJOQ/export?format=csv&gid=0
HLAL,AMD,Advanced Micro Devices Inc,,2.49,39752,24318683.52,2026-10-01,https://docs.google.com/spreadsheets/d/1UC1Bk67bGuYsos_i8y_HQpNoHpVHAvqf71MbgrafJOQ/export?format=csv&gid=0
HLAL,ATO,Atmos Energy Corp,,0.06,4029,630296.76,2026-10-01,https://docs.google.com/spreadsheets/d/1UC1Bk67bGuYsos_i8y_HQpNoHpVHAvqf71MbgrafJOQ/export?format=csv&gid=0
HLAL,AVGO,Broadcom Inc,11135F101,4.08,113697,39929249.43,2026-10-01,https://docs.google.com/spreadsheets/d/1UC1Bk67bGuYsos_i8y_HQpNoHpVHAvqf71MbgrafJOQ/export?format=csv&gid=0
HLAL,AXON,Axon Enterprise Inc,05464C101,0.08,1887,797295.24,2026-10-01,https://docs.google.com/spreadsheets/d/1UC1Bk67bGuYsos_i8y_HQpNoHpVHAvqf71MbgrafJOQ/export?format=csv&gid=0
HLAL,BDX,Becton Dickinson & Co,,0.12,6720,1202880,2026-10-01,https://docs.google.com/spreadsheets/d/1UC1Bk67bGuYsos_i8y_HQpNoHpVHAvqf71MbgrafJOQ/export?format=csv&gid=0
HLAL,BIIB,Biogen Inc,09062X103,0.08,3600,813168,2026-10-01,https://docs.google.com/spreadsheets/d/1UC1Bk67bGuYsos_i8y_HQpNoHpVHAvqf71MbgrafJOQ/export?format=csv&gid=0
HLAL,BKR,Baker Hughes Co,05722G100,0.14,24264,1332093.6,2026-10-01,https://docs.google.com/spreadsheets/d/1UC1Bk67bGuYsos_i8y_HQpNoHpVHAvqf71MbgrafJOQ/export?format=csv&gid=0
HLAL,BSX,Boston Scientific Corp,101137107,0.16,36240,1581876,2026-10-01,https://docs.google.com/spreadsheets/d/1UC1Bk67bGuYsos_i8y_HQpNoHpVHAvqf71MbgrafJOQ/export?format=csv&gid=0
HLAL,BURL,Burlington Stores Inc,122017106,0.04,1529,408533.51,2026-10-01,https://docs.google.com/spreadsheets/d/1UC1Bk67bGuYsos_i8y_HQpNoHpVHAvqf71MbgrafJOQ/export?format=csv&gid=0
HLAL,CAH,Cardinal Health Inc,14149Y108,0.13,5720,1269749.62,2026-10-01,https://docs.google.com/spreadsheets/d/1UC1Bk67bGuYsos_i8y_HQpNoHpVHAvqf71MbgrafJOQ/export?format=csv&gid=0
HLAL,CARR,Carrier Global Corp,14448C104,0.11,19084,1046948.24,2026-10-01,https://docs.google.com/spreadsheets/d/1UC1Bk67bGuYsos_i8y_HQpNoHpVHAvqf71MbgrafJOQ/export?format=csv&gid=0
HLAL,CBRE,CBRE Group Inc,12504L109,0.09,7134,916504.98,2026-10-01,https://docs.google.com/spreadsheets/d/1UC1Bk67bGuYsos_i8y_HQpNoHpVHAvqf71MbgrafJOQ/export?format=csv&gid=0
HLAL,CDNS,Cadence Design Systems Inc,127387108,0.23,6738,2224786.53,2026-10-01,https://docs.google.com/spreadsheets/d/1UC1Bk67bGuYsos_i8y_HQpNoHpVHAvqf71MbgrafJOQ/export?format=csv&gid=0
HLAL,CDW,CDW Corp/DE,12514G108,0.04,3120,399859.2,2026-10-01,https://docs.google.com/spreadsheets/d/1UC1Bk67bGuYsos_i8y_HQpNoHpVHAvqf71MbgrafJOQ/export?format=csv&gid=0
HLAL,CHD,Church & Dwight Co Inc,171340102,0.06,5788,545345.36,2026-10-01,https://docs.google.com/spreadsheets/d/1UC1Bk67bGuYsos_i8y_HQpNoHpVHAvqf71MbgrafJOQ/export?format=csv&gid=0
HLAL,CIEN,Ciena Corp,171779309,0.12,3438,1209557.16,2026-10-01,https://docs.google.com/spreadsheets/d/1UC1Bk67bGuYsos_i8y_HQpNoHpVHAvqf71MbgrafJOQ/export?format=csv&gid=0
HLAL,CMI,Cummins Inc,231021106,0.18,3374,1742907.18,2026-10-01,https://docs.google.com/spreadsheets/d/1UC1Bk67bGuYsos_i8y_HQpNoHpVHAvqf71MbgrafJOQ/export?format=csv&gid=0
HLAL,COHR,Coherent Corp,19247G107,0.13,4564,1313564.84,2026-10-01,https://docs.google.com/spreadsheets/d/1UC1Bk67bGuYsos_i8y_HQpNoHpVHAvqf71MbgrafJOQ/export?format=csv&gid=0
HLAL,COP,ConocoPhillips,20825C104,0.38,29804,3729970.6,2026-10-01,https://docs.google.com/spreadsheets/d/1UC1Bk67bGuYsos_i8y_HQpNoHpVHAvqf71MbgrafJOQ/export?format=csv&gid=0
HLAL,COR,Cencora Inc,,0.14,4562,1369740.5,2026-10-01,https://docs.google.com/spreadsheets/d/1UC1Bk67bGuYsos_i8y_HQpNoHpVHAvqf71MbgrafJOQ/export?format=csv&gid=0
HLAL,CRH,CRH PLC,G25508105,0.14,16339,1352869.2,2026-10-01,https://docs.google.com/spreadsheets/d/1UC1Bk67bGuYsos_i8y_HQpNoHpVHAvqf71MbgrafJOQ/export?format=csv&gid=0
HLAL,CRM,Salesforce Inc,79466L302,0.46,19427,4459856.39,2026-10-01,https://docs.google.com/spreadsheets/d/1UC1Bk67bGuYsos_i8y_HQpNoHpVHAvqf71MbgrafJOQ/export?format=csv&gid=0
HLAL,CSCO,Cisco Systems Inc,17275R102,1.06,96562,10392968.06,2026-10-01,https://docs.google.com/spreadsheets/d/1UC1Bk67bGuYsos_i8y_HQpNoHpVHAvqf71MbgrafJOQ/export?format=csv&gid=0
HLAL,CTAS,Cintas Corp,,0.17,8332,1625239.92,2026-10-01,https://docs.google.com/spreadsheets/d/1UC1Bk67bGuYsos_i8y_HQpNoHpVHAvqf71MbgrafJOQ/export?format=csv&gid=0
HLAL,CTVA,Corteva Inc,22052L104,0.13,16425,1275401.25,2026-10-01,https://docs.google.com/spreadsheets/d/1UC1Bk67bGuYsos_i8y_HQpNoHpVHAvqf71MbgrafJOQ/export?format=csv&gid=0
HLAL,CVNA,Carvana Co,,0.11,16845,1053486.3,2026-10-01,https://docs.google.com/spreadsheets/d/1UC1Bk67bGuYsos_i8y_HQpNoHpVHAvqf71MbgrafJOQ/export?format=csv&gid=0
HLAL,CVX,Chevron Corp,,0.95,45344,9259698.24,2026-10-01,https://docs.google.com/spreadsheets/d/1UC1Bk67bGuYsos_i8y_HQpNoHpVHAvqf71MbgrafJOQ/export?format=csv&gid=0
HLAL,DAL,Delta Air Lines Inc,247361702,0.03,4023,335759.58,2026-10-01,https://docs.google.com/spreadsheets/d/1UC1Bk67bGuYsos_i8y_HQpNoHpVHAvqf71MbgrafJOQ/export?format=csv&gid=0
HLAL,DD,DuPont de Nemours Inc,26614N201,0.04,3338.333333,433616.12,2026-10-01,https://docs.google.com/spreadsheets/d/1UC1Bk67bGuYsos_i8y_HQpNoHpVHAvqf71MbgrafJOQ/export?format=csv&gid=0
HLAL,DELL,Dell Technologies Inc,24703L202,0.40,7356,3957160.2,2026-10-01,https://docs.google.com/spreadsheets/d/1UC1Bk67bGuYsos_i8y_HQpNoHpVHAvqf71MbgrafJOQ/export?format=csv&gid=0
HLAL,DGX,Quest Diagnostics Inc,74834L100,0.06,2699,629055.93,2026-10-01,https://docs.google.com/spreadsheets/d/1UC1Bk67bGuYsos_i8y_HQpNoHpVHAvqf71MbgrafJOQ/export?format=csv&gid=0
HLAL,DHI,DR Horton Inc,23331A109,0.08,6057,827689.05,2026-10-01,https://docs.google.com/spreadsheets/d/1UC1Bk67bGuYsos_i8y_HQpNoHpVHAvqf71MbgrafJOQ/export?format=csv&gid=0
HLAL,DHR,Danaher Corp,,0.35,15444,3421618.2,2026-10-01,https://docs.google.com/spreadsheets/d/1UC1Bk67bGuYsos_i8y_HQpNoHpVHAvqf71MbgrafJOQ/export?format=csv&gid=0
HLAL,DLR,Digital Realty Trust Inc,253868103,0.16,9059,1590126.27,2026-10-01,https://docs.google.com/spreadsheets/d/1UC1Bk67bGuYsos_i8y_HQpNoHpVHAvqf71MbgrafJOQ/export?format=csv&gid=0
HLAL,DLTR,Dollar Tree Inc,256746108,0.05,4692,534981.84,2026-10-01,https://docs.google.com/spreadsheets/d/1UC1Bk67bGuYsos_i8y_HQpNoHpVHAvqf71MbgrafJOQ/export?format=csv&gid=0
HLAL,DOV,Dover Corp,260003108,0.06,3257,609221.85,2026-10-01,https://docs.google.com/spreadsheets/d/1UC1Bk67bGuYsos_i8y_HQpNoHpVHAvqf71MbgrafJOQ/export?format=csv&gid=0
HLAL,DOW,Dow Inc,260557103,0.05,17608,484924.32,2026-10-01,https://docs.google.com/spreadsheets/d/1UC1Bk67bGuYsos_i8y_HQpNoHpVHAvqf71MbgrafJOQ/export?format=csv&gid=0
HLAL,DVN,Devon Energy Corp,25179M103,0.13,27546,1268217.84,2026-10-01,https://docs.google.com/spreadsheets/d/1UC1Bk67bGuYsos_i8y_HQpNoHpVHAvqf71MbgrafJOQ/export?format=csv&gid=0
HLAL,DXCM,Dexcom Inc,252131107,0.08,9167,791020.43,2026-10-01,https://docs.google.com/spreadsheets/d/1UC1Bk67bGuYsos_i8y_HQpNoHpVHAvqf71MbgrafJOQ/export?format=csv&gid=0
HLAL,EBAY,eBay Inc,278642103,0.11,9796,1038865.8,2026-10-01,https://docs.google.com/spreadsheets/d/1UC1Bk67bGuYsos_i8y_HQpNoHpVHAvqf71MbgrafJOQ/export?format=csv&gid=0
HLAL,ECL,Ecolab Inc,278865100,0.17,6061,1664229.38,2026-10-01,https://docs.google.com/spreadsheets/d/1UC1Bk67bGuYsos_i8y_HQpNoHpVHAvqf71MbgrafJOQ/export?format=csv&gid=0
HLAL,EL,Estee Lauder Cos Inc/The,,0.06,6029,559310.33,2026-10-01,https://docs.google.com/spreadsheets/d/1UC1Bk67bGuYsos_i8y_HQpNoHpVHAvqf71MbgrafJOQ/export?format=csv&gid=0
HLAL,EMR,Emerson Electric Co,291011104,0.22,13731,2129678.1,2026-10-01,https://docs.google.com/spreadsheets/d/1UC1Bk67bGuYsos_i8y_HQpNoHpVHAvqf71MbgrafJOQ/export?format=csv&gid=0
HLAL,EOG,EOG Resources Inc,26875P101,0.18,13085,1802589.6,2026-10-01,https://docs.google.com/spreadsheets/d/1UC1Bk67bGuYsos_i8y_HQpNoHpVHAvqf71MbgrafJOQ/export?format=csv&gid=0
HLAL,EW,Edwards Lifesciences Corp,,0.12,13930,1202437.6,2026-10-01,https://docs.google.com/spreadsheets/d/1UC1Bk67bGuYsos_i8y_HQpNoHpVHAvqf71MbgrafJOQ/export?format=csv&gid=0
HLAL,EXE,Expand Energy Corp,165167735,0.05,5378,452236.02,2026-10-01,https://docs.google.com/spreadsheets/d/1UC1Bk67bGuYsos_i8y_HQpNoHpVHAvqf71MbgrafJOQ/export?format=csv&gid=0
HLAL,EXPD,Expeditors International of Washington Inc,,0.06,3184,587893.76,2026-10-01,https://docs.google.com/spreadsheets/d/1UC1Bk67bGuYsos_i8y_HQpNoHpVHAvqf71MbgrafJOQ/export?format=csv&gid=0
HLAL,FAST,Fastenal Co,,0.14,28073,1390455.69,2026-10-01,https://docs.google.com/spreadsheets/d/1UC1Bk67bGuYsos_i8y_HQpNoHpVHAvqf71MbgrafJOQ/export?format=csv&gid=0
HLAL,FDX,FedEx Corp,31428X106,0.16,5351,1525516.59,2026-10-01,https://docs.google.com/spreadsheets/d/1UC1Bk67bGuYsos_i8y_HQpNoHpVHAvqf71MbgrafJOQ/export?format=csv&gid=0
HLAL,FERG,Ferguson Enterprises Inc,31488V107,0.11,4674,1040525.88,2026-10-01,https://docs.google.com/spreadsheets/d/1UC1Bk67bGuYsos_i8y_HQpNoHpVHAvqf71MbgrafJOQ/export?format=csv&gid=0
HLAL,FFIV,F5 Inc,,0.06,1381,614793.58,2026-10-01,https://docs.google.com/spreadsheets/d/1UC1Bk67bGuYsos_i8y_HQpNoHpVHAvqf71MbgrafJOQ/export?format=csv&gid=0
HLAL,FIX,Comfort Systems USA Inc,199908104,0.14,850,1405976.5,2026-10-01,https://docs.google.com/spreadsheets/d/1UC1Bk67bGuYsos_i8y_HQpNoHpVHAvqf71MbgrafJOQ/export?format=csv&gid=0
HLAL,FLEX,Flex Ltd,Y2573F102,0.10,8950,984410.5,2026-10-01,https://docs.google.com/spreadsheets/d/1UC1Bk67bGuYsos_i8y_HQpNoHpVHAvqf71MbgrafJOQ/export?format=csv&gid=0
HLAL,FSLR,First Solar Inc,,0.04,2484,435097.44,2026-10-01,https://docs.google.com/spreadsheets/d/1UC1Bk67bGuYsos_i8y_HQpNoHpVHAvqf71MbgrafJOQ/export?format=csv&gid=0
HLAL,FTV,Fortive Corp,34959J108,0.04,7437,407621.97,2026-10-01,https://docs.google.com/spreadsheets/d/1UC1Bk67bGuYsos_i8y_HQpNoHpVHAvqf71MbgrafJOQ/export?format=csv&gid=0
HLAL,FWONA,Liberty Media Corp,,0.00,577,48831.51,2026-10-01,https://docs.google.com/spreadsheets/d/1UC1Bk67bGuYsos_i8y_HQpNoHpVHAvqf71MbgrafJOQ/export?format=csv&gid=0
HLAL,FWONK,Liberty Media Corp,531229755,0.05,5309,490551.6,2026-10-01,https://docs.google.com/spreadsheets/d/1UC1Bk67bGuYsos_i8y_HQpNoHpVHAvqf71MbgrafJOQ/export?format=csv&gid=0
HLAL,GEHC,GE HealthCare Technologies Inc,36266G107,0.07,11100,725607,2026-10-01,https://docs.google.com/spreadsheets/d/1UC1Bk67bGuYsos_i8y_HQpNoHpVHAvqf71MbgrafJOQ/export?format=csv&gid=0
HLAL,GEV,GE Vernova Inc,36828A101,0.64,6574,6248521.26,2026-10-01,https://docs.google.com/spreadsheets/d/1UC1Bk67bGuYsos_i8y_HQpNoHpVHAvqf71MbgrafJOQ/export?format=csv&gid=0
HLAL,GFS,GLOBALFOUNDRIES Inc,G39387108,0.02,3079,147545.68,2026-10-01,https://docs.google.com/spreadsheets/d/1UC1Bk67bGuYsos_i8y_HQpNoHpVHAvqf71MbgrafJOQ/export?format=csv&gid=0
HLAL,GLW,Corning Inc,219350105,0.30,19320,2970643.2,2026-10-01,https://docs.google.com/spreadsheets/d/1UC1Bk67bGuYsos_i8y_HQpNoHpVHAvqf71MbgrafJOQ/export?format=csv&gid=0
HLAL,GOOG,Alphabet Inc,02079K107,4.05,116205,39595691.7,2026-10-01,https://docs.google.com/spreadsheets/d/1UC1Bk67bGuYsos_i8y_HQpNoHpVHAvqf71MbgrafJOQ/export?format=csv&gid=0
HLAL,GOOGL,Alphabet Inc,02079K305,5.01,142408,48999744.64,2026-10-01,https://docs.google.com/spreadsheets/d/1UC1Bk67bGuYsos_i8y_HQpNoHpVHAvqf71MbgrafJOQ/export?format=csv&gid=0
HLAL,GPC,Genuine Parts Co,372460105,0.04,3357,422109.18,2026-10-01,https://docs.google.com/spreadsheets/d/1UC1Bk67bGuYsos_i8y_HQpNoHpVHAvqf71MbgrafJOQ/export?format=csv&gid=0
HLAL,GRMN,Garmin Ltd,H2906T109,0.12,4014,1151375.76,2026-10-01,https://docs.google.com/spreadsheets/d/1UC1Bk67bGuYsos_i8y_HQpNoHpVHAvqf71MbgrafJOQ/export?format=csv&gid=0
HLAL,GWW,WW Grainger Inc,384802104,0.14,1062,1322997.12,2026-10-01,https://docs.google.com/spreadsheets/d/1UC1Bk67bGuYsos_i8y_HQpNoHpVHAvqf71MbgrafJOQ/export?format=csv&gid=0
HLAL,HAL,Halliburton Co,,0.07,20359,647416.2,2026-10-01,https://docs.google.com/spreadsheets/d/1UC1Bk67bGuYsos_i8y_HQpNoHpVHAvqf71MbgrafJOQ/export?format=csv&gid=0
HLAL,HPE,Hewlett Packard Enterprise Co,42824C109,0.21,32364,2067735.96,2026-10-01,https://docs.google.com/spreadsheets/d/1UC1Bk67bGuYsos_i8y_HQpNoHpVHAvqf71MbgrafJOQ/export?format=csv&gid=0
HLAL,HPQ,HP Inc,40434L105,0.07,22333,698576.24,2026-10-01,https://docs.google.com/spreadsheets/d/1UC1Bk67bGuYsos_i8y_HQpNoHpVHAvqf71MbgrafJOQ/export?format=csv&gid=0
HLAL,HSY,Hershey Co/The,427866108,0.06,3525,555575.25,2026-10-01,https://docs.google.com/spreadsheets/d/1UC1Bk67bGuYsos_i8y_HQpNoHpVHAvqf71MbgrafJOQ/export?format=csv&gid=0
HLAL,IDXX,IDEXX Laboratories Inc,45168D104,0.10,1930,1007826.7,2026-10-01,https://docs.google.com/spreadsheets/d/1UC1Bk67bGuYsos_i8y_HQpNoHpVHAvqf71MbgrafJOQ/export?format=csv&gid=0
HLAL,IEX,IDEX Corp,45167R104,0.04,1808,412187.84,2026-10-01,https://docs.google.com/spreadsheets/d/1UC1Bk67bGuYsos_i8y_HQpNoHpVHAvqf71MbgrafJOQ/export?format=csv&gid=0
HLAL,IFF,International Flavors & Fragrances Inc,459506101,0.05,6277,524003.96,2026-10-01,https://docs.google.com/spreadsheets/d/1UC1Bk67bGuYsos_i8y_HQpNoHpVHAvqf71MbgrafJOQ/export?format=csv&gid=0
HLAL,ILMN,Illumina Inc,452327109,0.10,3713,1016173.84,2026-10-01,https://docs.google.com/spreadsheets/d/1UC1Bk67bGuYsos_i8y_HQpNoHpVHAvqf71MbgrafJOQ/export?format=csv&gid=0
HLAL,INTC,Intel Corp,458140100,1.37,111666,13425603.18,2026-10-01,https://docs.google.com/spreadsheets/d/1UC1Bk67bGuYsos_i8y_HQpNoHpVHAvqf71MbgrafJOQ/export?format=csv&gid=0
HLAL,IP,International Paper Co,460146103,0.04,12822,425305.74,2026-10-01,https://docs.google.com/spreadsheets/d/1UC1Bk67bGuYsos_i8y_HQpNoHpVHAvqf71MbgrafJOQ/export?format=csv&gid=0
HLAL,IR,Ingersoll Rand Inc,45687V106,0.07,9565,718427.15,2026-10-01,https://docs.google.com/spreadsheets/d/1UC1Bk67bGuYsos_i8y_HQpNoHpVHAvqf71MbgrafJOQ/export?format=csv&gid=0
HLAL,ISRG,Intuitive Surgical Inc,46120E602,0.36,8615,3503117.45,2026-10-01,https://docs.google.com/spreadsheets/d/1UC1Bk67bGuYsos_i8y_HQpNoHpVHAvqf71MbgrafJOQ/export?format=csv&gid=0
HLAL,J,Jacobs Solutions Inc,46982L108,0.04,2855,386195.85,2026-10-01,https://docs.google.com/spreadsheets/d/1UC1Bk67bGuYsos_i8y_HQpNoHpVHAvqf71MbgrafJOQ/export?format=csv&gid=0
HLAL,JBHT,JB Hunt Transport Services Inc,445658107,0.04,1836,411355.8,2026-10-01,https://docs.google.com/spreadsheets/d/1UC1Bk67bGuYsos_i8y_HQpNoHpVHAvqf71MbgrafJOQ/export?format=csv&gid=0
HLAL,JBL,Jabil Inc,466313103,0.07,2545,730058.7,2026-10-01,https://docs.google.com/spreadsheets/d/1UC1Bk67bGuYsos_i8y_HQpNoHpVHAvqf71MbgrafJOQ/export?format=csv&gid=0
HLAL,JCI,Johnson Controls International plc,G51502105,0.22,14808,2201209.2,2026-10-01,https://docs.google.com/spreadsheets/d/1UC1Bk67bGuYsos_i8y_HQpNoHpVHAvqf71MbgrafJOQ/export?format=csv&gid=0
HLAL,JNJ,Johnson & Johnson,478160104,1.59,58891,15590803.34,2026-10-01,https://docs.google.com/spreadsheets/d/1UC1Bk67bGuYsos_i8y_HQpNoHpVHAvqf71MbgrafJOQ/export?format=csv&gid=0
HLAL,KLAC,KLA CORP,482480100,0.64,31969,6231717.17,2026-10-01,https://docs.google.com/spreadsheets/d/1UC1Bk67bGuYsos_i8y_HQpNoHpVHAvqf71MbgrafJOQ/export?format=csv&gid=0
HLAL,KMB,Kimberly-Clark Corp,494368103,0.08,8070,786260.1,2026-10-01,https://docs.google.com/spreadsheets/d/1UC1Bk67bGuYsos_i8y_HQpNoHpVHAvqf71MbgrafJOQ/export?format=csv&gid=0
HLAL,KO,Coca-Cola Co/The,191216100,0.84,94991,8176825.28,2026-10-01,https://docs.google.com/spreadsheets/d/1UC1Bk67bGuYsos_i8y_HQpNoHpVHAvqf71MbgrafJOQ/export?format=csv&gid=0
HLAL,KVUE,Kenvue Inc,49177J102,0.08,46332,818223.12,2026-10-01,https://docs.google.com/spreadsheets/d/1UC1Bk67bGuYsos_i8y_HQpNoHpVHAvqf71MbgrafJOQ/export?format=csv&gid=0
HLAL,LEN,Lennar Corp,526057104,0.04,4885,398567.15,2026-10-01,https://docs.google.com/spreadsheets/d/1UC1Bk67bGuYsos_i8y_HQpNoHpVHAvqf71MbgrafJOQ/export?format=csv&gid=0
HLAL,LEN/B,Lennar Corp,526057302,0.00,213,17037.87,2026-10-01,https://docs.google.com/spreadsheets/d/1UC1Bk67bGuYsos_i8y_HQpNoHpVHAvqf71MbgrafJOQ/export?format=csv&gid=0
HLAL,LH,Labcorp Holdings Inc,504922105,0.06,2003,617144.33,2026-10-01,https://docs.google.com/spreadsheets/d/1UC1Bk67bGuYsos_i8y_HQpNoHpVHAvqf71MbgrafJOQ/export?format=csv&gid=0
HLAL,LIN,Linde PLC,G54950103,0.55,11269,5348830.85,2026-10-01,https://docs.google.com/spreadsheets/d/1UC1Bk67bGuYsos_i8y_HQpNoHpVHAvqf71MbgrafJOQ/export?format=csv&gid=0
HLAL,LLY,Eli Lilly & Co,532457108,2.29,19400,22447352,2026-10-01,https://docs.google.com/spreadsheets/d/1UC1Bk67bGuYsos_i8y_HQpNoHpVHAvqf71MbgrafJOQ/export?format=csv&gid=0
HLAL,LRCX,Lam Research Corp,512807306,1.03,30544,10034009.44,2026-10-01,https://docs.google.com/spreadsheets/d/1UC1Bk67bGuYsos_i8y_HQpNoHpVHAvqf71MbgrafJOQ/export?format=csv&gid=0
HLAL,LUV,Southwest Airlines Co,844741108,0.01,2992,124586.88,2026-10-01,https://docs.google.com/spreadsheets/d/1UC1Bk67bGuYsos_i8y_HQpNoHpVHAvqf71MbgrafJOQ/export?format=csv&gid=0
HLAL,LYB,LyondellBasell Industries NV,N53745100,0.04,6304,362290.88,2026-10-01,https://docs.google.com/spreadsheets/d/1UC1Bk67bGuYsos_i8y_HQpNoHpVHAvqf71MbgrafJOQ/export?format=csv&gid=0
HLAL,MBGL,Mobility Global Inc,60744M106,0.01,7222,123857.3,2026-10-01,https://docs.google.com/spreadsheets/d/1UC1Bk67bGuYsos_i8y_HQpNoHpVHAvqf71MbgrafJOQ/export?format=csv&gid=0
HLAL,MCK,McKesson Corp,58155Q103,0.25,2864,2445311.84,2026-10-01,https://docs.google.com/spreadsheets/d/1UC1Bk67bGuYsos_i8y_HQpNoHpVHAvqf71MbgrafJOQ/export?format=csv&gid=0
HLAL,MDLN,Medline Inc,58507V107,0.04,10961,380346.7,2026-10-01,https://docs.google.com/spreadsheets/d/1UC1Bk67bGuYsos_i8y_HQpNoHpVHAvqf71MbgrafJOQ/export?format=csv&gid=0
HLAL,MDLZ,Mondelez International Inc,609207105,0.19,31374,1814044.68,2026-10-01,https://docs.google.com/spreadsheets/d/1UC1Bk67bGuYsos_i8y_HQpNoHpVHAvqf71MbgrafJOQ/export?format=csv&gid=0
HLAL,MDT,Medtronic PLC,G5960L103,0.28,31347,2704932.63,2026-10-01,https://docs.google.com/spreadsheets/d/1UC1Bk67bGuYsos_i8y_HQpNoHpVHAvqf71MbgrafJOQ/export?format=csv&gid=0
HLAL,META,Meta Platforms Inc,30303M102,3.98,53722,38958119.96,2026-10-01,https://docs.google.com/spreadsheets/d/1UC1Bk67bGuYsos_i8y_HQpNoHpVHAvqf71MbgrafJOQ/export?format=csv&gid=0
HLAL,MLM,Martin Marietta Materials Inc,573284106,0.07,1458,699562.98,2026-10-01,https://docs.google.com/spreadsheets/d/1UC1Bk67bGuYsos_i8y_HQpNoHpVHAvqf71MbgrafJOQ/export?format=csv&gid=0
HLAL,MMM,3M Co,88579Y101,0.21,12619,2071408.85,2026-10-01,https://docs.google.com/spreadsheets/d/1UC1Bk67bGuYsos_i8y_HQpNoHpVHAvqf71MbgrafJOQ/export?format=csv&gid=0
HLAL,MNST,Monster Beverage Corp,61174X109,0.15,34265,1426109.3,2026-10-01,https://docs.google.com/spreadsheets/d/1UC1Bk67bGuYsos_i8y_HQpNoHpVHAvqf71MbgrafJOQ/export?format=csv&gid=0
HLAL,MPC,Marathon Petroleum Corp,56585A102,0.29,7187,2841883.54,2026-10-01,https://docs.google.com/spreadsheets/d/1UC1Bk67bGuYsos_i8y_HQpNoHpVHAvqf71MbgrafJOQ/export?format=csv&gid=0
HLAL,MPWR,Monolithic Power Systems Inc,609839105,0.16,1155,1556039.1,2026-10-01,https://docs.google.com/spreadsheets/d/1UC1Bk67bGuYsos_i8y_HQpNoHpVHAvqf71MbgrafJOQ/export?format=csv&gid=0
HLAL,MRVL,MARVELL TECHNOLOGY INC,573874104,0.58,21317,5632164.57,2026-10-01,https://docs.google.com/spreadsheets/d/1UC1Bk67bGuYsos_i8y_HQpNoHpVHAvqf71MbgrafJOQ/export?format=csv&gid=0
HLAL,MSFT,Microsoft Corp,594918104,9.52,181577,93130843.3,2026-10-01,https://docs.google.com/spreadsheets/d/1UC1Bk67bGuYsos_i8y_HQpNoHpVHAvqf71MbgrafJOQ/export?format=csv&gid=0
HLAL,MSTR,Strategy Inc,594972408,0.13,8602,1316880.18,2026-10-01,https://docs.google.com/spreadsheets/d/1UC1Bk67bGuYsos_i8y_HQpNoHpVHAvqf71MbgrafJOQ/export?format=csv&gid=0
HLAL,MTZ,MasTec Inc,576323109,0.03,1537,328333.94,2026-10-01,https://docs.google.com/spreadsheets/d/1UC1Bk67bGuYsos_i8y_HQpNoHpVHAvqf71MbgrafJOQ/export?format=csv&gid=0
HLAL,MU,Micron Technology Inc,595112103,3.00,27549,29342715.39,2026-10-01,https://docs.google.com/spreadsheets/d/1UC1Bk67bGuYsos_i8y_HQpNoHpVHAvqf71MbgrafJOQ/export?format=csv&gid=0
HLAL,NEM,Newmont Corp,651639106,0.30,25747,2969658.98,2026-10-01,https://docs.google.com/spreadsheets/d/1UC1Bk67bGuYsos_i8y_HQpNoHpVHAvqf71MbgrafJOQ/export?format=csv&gid=0
HLAL,NKE,NIKE Inc,654106103,0.10,28845,1021113,2026-10-01,https://docs.google.com/spreadsheets/d/1UC1Bk67bGuYsos_i8y_HQpNoHpVHAvqf71MbgrafJOQ/export?format=csv&gid=0
HLAL,NOW,ServiceNow Inc,81762P102,0.34,25080,3360970.8,2026-10-01,https://docs.google.com/spreadsheets/d/1UC1Bk67bGuYsos_i8y_HQpNoHpVHAvqf71MbgrafJOQ/export?format=csv&gid=0
HLAL,NTAP,NetApp Inc,64110D104,0.10,4809,1010274.72,2026-10-01,https://docs.google.com/spreadsheets/d/1UC1Bk67bGuYsos_i8y_HQpNoHpVHAvqf71MbgrafJOQ/export?format=csv&gid=0
HLAL,NUE,Nucor Corp,670346105,0.13,5387,1259211.25,2026-10-01,https://docs.google.com/spreadsheets/d/1UC1Bk67bGuYsos_i8y_HQpNoHpVHAvqf71MbgrafJOQ/export?format=csv&gid=0
HLAL,NVDA,NVIDIA Corp,67066G104,13.08,560134,127923402.9,2026-10-01,https://docs.google.com/spreadsheets/d/1UC1Bk67bGuYsos_i8y_HQpNoHpVHAvqf71MbgrafJOQ/export?format=csv&gid=0
HLAL,NVR,NVR Inc,62944T105,0.04,62,381572.18,2026-10-01,https://docs.google.com/spreadsheets/d/1UC1Bk67bGuYsos_i8y_HQpNoHpVHAvqf71MbgrafJOQ/export?format=csv&gid=0
HLAL,NWS,News Corp,65249B208,0.01,2934,93066.48,2026-10-01,https://docs.google.com/spreadsheets/d/1UC1Bk67bGuYsos_i8y_HQpNoHpVHAvqf71MbgrafJOQ/export?format=csv&gid=0
HLAL,NWSA,News Corp,65249B109,0.03,8925,255701.25,2026-10-01,https://docs.google.com/spreadsheets/d/1UC1Bk67bGuYsos_i8y_HQpNoHpVHAvqf71MbgrafJOQ/export?format=csv&gid=0
HLAL,NXPI,NXP Semiconductors NV,N6596X109,0.15,6175,1466747.75,2026-10-01,https://docs.google.com/spreadsheets/d/1UC1Bk67bGuYsos_i8y_HQpNoHpVHAvqf71MbgrafJOQ/export?format=csv&gid=0
HLAL,ODFL,Old Dominion Freight Line Inc,679580100,0.08,4560,792710.4,2026-10-01,https://docs.google.com/spreadsheets/d/1UC1Bk67bGuYsos_i8y_HQpNoHpVHAvqf71MbgrafJOQ/export?format=csv&gid=0
HLAL,OKTA,Okta Inc,679295105,0.09,4042,845222.62,2026-10-01,https://docs.google.com/spreadsheets/d/1UC1Bk67bGuYsos_i8y_HQpNoHpVHAvqf71MbgrafJOQ/export?format=csv&gid=0
HLAL,OMC,Omnicom Group Inc,681919106,0.05,6726,495235.38,2026-10-01,https://docs.google.com/spreadsheets/d/1UC1Bk67bGuYsos_i8y_HQpNoHpVHAvqf71MbgrafJOQ/export?format=csv&gid=0
HLAL,ON,ON Semiconductor Corp,682189105,0.08,9603,738182.61,2026-10-01,https://docs.google.com/spreadsheets/d/1UC1Bk67bGuYsos_i8y_HQpNoHpVHAvqf71MbgrafJOQ/export?format=csv&gid=0
HLAL,OXY,Occidental Petroleum Corp,674599105,0.10,17720,980270.4,2026-10-01,https://docs.google.com/spreadsheets/d/1UC1Bk67bGuYsos_i8y_HQpNoHpVHAvqf71MbgrafJOQ/export?format=csv&gid=0
HLAL,P,Everpure Inc,74624M102,0.10,7621,996674.38,2026-10-01,https://docs.google.com/spreadsheets/d/1UC1Bk67bGuYsos_i8y_HQpNoHpVHAvqf71MbgrafJOQ/export?format=csv&gid=0
HLAL,PANW,Palo Alto Networks Inc,697435105,0.80,19707,7829788.17,2026-10-01,https://docs.google.com/spreadsheets/d/1UC1Bk67bGuYsos_i8y_HQpNoHpVHAvqf71MbgrafJOQ/export?format=csv&gid=0
HLAL,PCAR,PACCAR Inc,693718108,0.14,12625,1386351.25,2026-10-01,https://docs.google.com/spreadsheets/d/1UC1Bk67bGuYsos_i8y_HQpNoHpVHAvqf71MbgrafJOQ/export?format=csv&gid=0
HLAL,PFE,Pfizer Inc,717081103,0.41,139162,3968900.24,2026-10-01,https://docs.google.com/spreadsheets/d/1UC1Bk67bGuYsos_i8y_HQpNoHpVHAvqf71MbgrafJOQ/export?format=csv&gid=0
HLAL,PG,Procter & Gamble Co/The,742718109,0.85,56991,8279652.48,2026-10-01,https://docs.google.com/spreadsheets/d/1UC1Bk67bGuYsos_i8y_HQpNoHpVHAvqf71MbgrafJOQ/export?format=csv&gid=0
HLAL,PHM,PulteGroup Inc,745867101,0.05,4547,527724.82,2026-10-01,https://docs.google.com/spreadsheets/d/1UC1Bk67bGuYsos_i8y_HQpNoHpVHAvqf71MbgrafJOQ/export?format=csv&gid=0
HLAL,PKG,Packaging Corp of America,695156109,0.05,2121,486260.46,2026-10-01,https://docs.google.com/spreadsheets/d/1UC1Bk67bGuYsos_i8y_HQpNoHpVHAvqf71MbgrafJOQ/export?format=csv&gid=0
HLAL,PPG,PPG Industries Inc,693506107,0.06,5451,568702.83,2026-10-01,https://docs.google.com/spreadsheets/d/1UC1Bk67bGuYsos_i8y_HQpNoHpVHAvqf71MbgrafJOQ/export?format=csv&gid=0
HLAL,PSX,Phillips 66,,0.26,9797,2501272.07,2026-10-01,https://docs.google.com/spreadsheets/d/1UC1Bk67bGuYsos_i8y_HQpNoHpVHAvqf71MbgrafJOQ/export?format=csv&gid=0
HLAL,PWR,Quanta Services Inc,,0.24,3646,2342190.4,2026-10-01,https://docs.google.com/spreadsheets/d/1UC1Bk67bGuYsos_i8y_HQpNoHpVHAvqf71MbgrafJOQ/export?format=csv&gid=0
HLAL,Q,Qnity Electronics Inc,74743L100,0.07,5122,644040.28,2026-10-01,https://docs.google.com/spreadsheets/d/1UC1Bk67bGuYsos_i8y_HQpNoHpVHAvqf71MbgrafJOQ/export?format=csv&gid=0
HLAL,QCOM,QUALCOMM Inc,,0.49,25785,4745471.4,2026-10-01,https://docs.google.com/spreadsheets/d/1UC1Bk67bGuYsos_i8y_HQpNoHpVHAvqf71MbgrafJOQ/export?format=csv&gid=0
HLAL,RBLX,ROBLOX Corp,,0.07,15520,657582.4,2026-10-01,https://docs.google.com/spreadsheets/d/1UC1Bk67bGuYsos_i8y_HQpNoHpVHAvqf71MbgrafJOQ/export?format=csv&gid=0
HLAL,REGN,Regeneron Pharmaceuticals Inc,75886F107,0.19,2424,1838046.48,2026-10-01,https://docs.google.com/spreadsheets/d/1UC1Bk67bGuYsos_i8y_HQpNoHpVHAvqf71MbgrafJOQ/export?format=csv&gid=0
HLAL,RMD,ResMed Inc,,0.08,3549,784683.9,2026-10-01,https://docs.google.com/spreadsheets/d/1UC1Bk67bGuYsos_i8y_HQpNoHpVHAvqf71MbgrafJOQ/export?format=csv&gid=0
HLAL,ROK,Rockwell Automation Inc,,0.12,2745,1194980.85,2026-10-01,https://docs.google.com/spreadsheets/d/1UC1Bk67bGuYsos_i8y_HQpNoHpVHAvqf71MbgrafJOQ/export?format=csv&gid=0
HLAL,ROL,Rollins Inc,,0.02,7261,218701.32,2026-10-01,https://docs.google.com/spreadsheets/d/1UC1Bk67bGuYsos_i8y_HQpNoHpVHAvqf71MbgrafJOQ/export?format=csv&gid=0
HLAL,ROP,Roper Technologies Inc,,0.09,2412,842776.92,2026-10-01,https://docs.google.com/spreadsheets/d/1UC1Bk67bGuYsos_i8y_HQpNoHpVHAvqf71MbgrafJOQ/export?format=csv&gid=0
HLAL,ROST,Ross Stores Inc,,0.18,7720,1801848,2026-10-01,https://docs.google.com/spreadsheets/d/1UC1Bk67bGuYsos_i8y_HQpNoHpVHAvqf71MbgrafJOQ/export?format=csv&gid=0
HLAL,SCCO,Southern Copper Corp,84265V105,0.05,2276.476,461305.1,2026-10-01,https://docs.google.com/spreadsheets/d/1UC1Bk67bGuYsos_i8y_HQpNoHpVHAvqf71MbgrafJOQ/export?format=csv&gid=0
HLAL,SLB,SLB Ltd,,0.18,36540,1780228.8,2026-10-01,https://docs.google.com/spreadsheets/d/1UC1Bk67bGuYsos_i8y_HQpNoHpVHAvqf71MbgrafJOQ/export?format=csv&gid=0
HLAL,SMCI,Super Micro Computer Inc,86800U302,0.06,13613,559085.91,2026-10-01,https://docs.google.com/spreadsheets/d/1UC1Bk67bGuYsos_i8y_HQpNoHpVHAvqf71MbgrafJOQ/export?format=csv&gid=0
HLAL,SNA,Snap-on Inc,833034101,0.05,1238,449827.3,2026-10-01,https://docs.google.com/spreadsheets/d/1UC1Bk67bGuYsos_i8y_HQpNoHpVHAvqf71MbgrafJOQ/export?format=csv&gid=0
HLAL,SNDK,Sandisk Corp,80004C200,0.63,3554,6183569.06,2026-10-01,https://docs.google.com/spreadsheets/d/1UC1Bk67bGuYsos_i8y_HQpNoHpVHAvqf71MbgrafJOQ/export?format=csv&gid=0
HLAL,SNPS,Synopsys Inc,871607107,0.20,4551,1979411.94,2026-10-01,https://docs.google.com/spreadsheets/d/1UC1Bk67bGuYsos_i8y_HQpNoHpVHAvqf71MbgrafJOQ/export?format=csv&gid=0
HLAL,SRE,Sempra,816851109,0.13,15978,1245644.88,2026-10-01,https://docs.google.com/spreadsheets/d/1UC1Bk67bGuYsos_i8y_HQpNoHpVHAvqf71MbgrafJOQ/export?format=csv&gid=0
HLAL,STE,STERIS PLC,G8473T100,0.05,2391,502133.91,2026-10-01,https://docs.google.com/spreadsheets/d/1UC1Bk67bGuYsos_i8y_HQpNoHpVHAvqf71MbgrafJOQ/export?format=csv&gid=0
HLAL,STLD,Steel Dynamics Inc,,0.07,3293,729761.73,2026-10-01,https://docs.google.com/spreadsheets/d/1UC1Bk67bGuYsos_i8y_HQpNoHpVHAvqf71MbgrafJOQ/export?format=csv&gid=0
HLAL,STX,Seagate Technology Holdings PLC,G7997R103,0.52,5475,5049811.5,2026-10-01,https://docs.google.com/spreadsheets/d/1UC1Bk67bGuYsos_i8y_HQpNoHpVHAvqf71MbgrafJOQ/export?format=csv&gid=0
HLAL,SW,Smurfit Westrock PLC,G8267P108,0.06,12765,562936.5,2026-10-01,https://docs.google.com/spreadsheets/d/1UC1Bk67bGuYsos_i8y_HQpNoHpVHAvqf71MbgrafJOQ/export?format=csv&gid=0
HLAL,SYK,Stryker Corp,,0.24,8452,2327596.28,2026-10-01,https://docs.google.com/spreadsheets/d/1UC1Bk67bGuYsos_i8y_HQpNoHpVHAvqf71MbgrafJOQ/export?format=csv&gid=0
HLAL,T,AT&T Inc,00206R102,0.41,163285,3984154,2026-10-01,https://docs.google.com/spreadsheets/d/1UC1Bk67bGuYsos_i8y_HQpNoHpVHAvqf71MbgrafJOQ/export?format=csv&gid=0
HLAL,TEL,TE Connectivity PLC,G87052109,0.15,7136,1506266.88,2026-10-01,https://docs.google.com/spreadsheets/d/1UC1Bk67bGuYsos_i8y_HQpNoHpVHAvqf71MbgrafJOQ/export?format=csv&gid=0
HLAL,TER,Teradyne Inc,880770102,0.16,3826,1533881.66,2026-10-01,https://docs.google.com/spreadsheets/d/1UC1Bk67bGuYsos_i8y_HQpNoHpVHAvqf71MbgrafJOQ/export?format=csv&gid=0
HLAL,TJX,TJX Cos Inc/The,872540109,0.37,27038,3577397.78,2026-10-01,https://docs.google.com/spreadsheets/d/1UC1Bk67bGuYsos_i8y_HQpNoHpVHAvqf71MbgrafJOQ/export?format=csv&gid=0
HLAL,TPL,Texas Pacific Land Corp,88262P102,0.05,1437,468217.71,2026-10-01,https://docs.google.com/spreadsheets/d/1UC1Bk67bGuYsos_i8y_HQpNoHpVHAvqf71MbgrafJOQ/export?format=csv&gid=0
HLAL,TPR,Tapestry Inc,876030107,0.06,4942,568527.68,2026-10-01,https://docs.google.com/spreadsheets/d/1UC1Bk67bGuYsos_i8y_HQpNoHpVHAvqf71MbgrafJOQ/export?format=csv&gid=0
HLAL,TSCO,Tractor Supply Co,892356106,0.04,12848,402013.92,2026-10-01,https://docs.google.com/spreadsheets/d/1UC1Bk67bGuYsos_i8y_HQpNoHpVHAvqf71MbgrafJOQ/export?format=csv&gid=0
HLAL,TSLA,Tesla Inc,88160R101,2.59,71396,25332014.76,2026-10-01,https://docs.google.com/spreadsheets/d/1UC1Bk67bGuYsos_i8y_HQpNoHpVHAvqf71MbgrafJOQ/export?format=csv&gid=0
HLAL,TT,Trane Technologies PLC,G8994E103,0.25,5399,2440240.02,2026-10-01,https://docs.google.com/spreadsheets/d/1UC1Bk67bGuYsos_i8y_HQpNoHpVHAvqf71MbgrafJOQ/export?format=csv&gid=0
HLAL,TTWO,Take-Two Interactive Software Inc,874054109,0.09,4475,928562.5,2026-10-01,https://docs.google.com/spreadsheets/d/1UC1Bk67bGuYsos_i8y_HQpNoHpVHAvqf71MbgrafJOQ/export?format=csv&gid=0
HLAL,TWLO,Twilio Inc,90138F102,0.11,3612,1056365.52,2026-10-01,https://docs.google.com/spreadsheets/d/1UC1Bk67bGuYsos_i8y_HQpNoHpVHAvqf71MbgrafJOQ/export?format=csv&gid=0
HLAL,TXN,Texas Instruments Inc,882508104,0.64,22224,6224720.16,2026-10-01,https://docs.google.com/spreadsheets/d/1UC1Bk67bGuYsos_i8y_HQpNoHpVHAvqf71MbgrafJOQ/export?format=csv&gid=0
HLAL,UAL,United Airlines Holdings Inc,910047109,0.02,1986,220346.7,2026-10-01,https://docs.google.com/spreadsheets/d/1UC1Bk67bGuYsos_i8y_HQpNoHpVHAvqf71MbgrafJOQ/export?format=csv&gid=0
HLAL,UBER,Uber Technologies Inc,90353T100,0.34,47880,3280258.8,2026-10-01,https://docs.google.com/spreadsheets/d/1UC1Bk67bGuYsos_i8y_HQpNoHpVHAvqf71MbgrafJOQ/export?format=csv&gid=0
HLAL,UI,Ubiquiti Inc,90353W103,0.01,103,58455.59,2026-10-01,https://docs.google.com/spreadsheets/d/1UC1Bk67bGuYsos_i8y_HQpNoHpVHAvqf71MbgrafJOQ/export?format=csv&gid=0
HLAL,ULTA,ULTA BEAUTY INC,90384S303,0.06,1049,572932.33,2026-10-01,https://docs.google.com/spreadsheets/d/1UC1Bk67bGuYsos_i8y_HQpNoHpVHAvqf71MbgrafJOQ/export?format=csv&gid=0
HLAL,UPS,United Parcel Service Inc,911312106,0.17,18251,1705373.44,2026-10-01,https://docs.google.com/spreadsheets/d/1UC1Bk67bGuYsos_i8y_HQpNoHpVHAvqf71MbgrafJOQ/export?format=csv&gid=0
HLAL,VLO,Valero Energy Corp,91913Y100,0.28,7011,2717533.71,2026-10-01,https://docs.google.com/spreadsheets/d/1UC1Bk67bGuYsos_i8y_HQpNoHpVHAvqf71MbgrafJOQ/export?format=csv&gid=0
HLAL,VLTO,Veralto Corp,92338C103,0.06,5998,565731.36,2026-10-01,https://docs.google.com/spreadsheets/d/1UC1Bk67bGuYsos_i8y_HQpNoHpVHAvqf71MbgrafJOQ/export?format=csv&gid=0
HLAL,VMC,Vulcan Materials Co,929160109,0.08,3168,774987.84,2026-10-01,https://docs.google.com/spreadsheets/d/1UC1Bk67bGuYsos_i8y_HQpNoHpVHAvqf71MbgrafJOQ/export?format=csv&gid=0
HLAL,VRT,Vertiv Holdings Co,92537N108,0.23,9373,2261798.63,2026-10-01,https://docs.google.com/spreadsheets/d/1UC1Bk67bGuYsos_i8y_HQpNoHpVHAvqf71MbgrafJOQ/export?format=csv&gid=0
HLAL,VRTX,Vertex Pharmaceuticals Inc,92532F100,0.33,6212,3247695.72,2026-10-01,https://docs.google.com/spreadsheets/d/1UC1Bk67bGuYsos_i8y_HQpNoHpVHAvqf71MbgrafJOQ/export?format=csv&gid=0
HLAL,WAB,Westinghouse Air Brake Technologies Corp,929740108,0.12,4121,1183468.78,2026-10-01,https://docs.google.com/spreadsheets/d/1UC1Bk67bGuYsos_i8y_HQpNoHpVHAvqf71MbgrafJOQ/export?format=csv&gid=0
HLAL,WAT,Waters Corp,941848103,0.11,2401,1054975.39,2026-10-01,https://docs.google.com/spreadsheets/d/1UC1Bk67bGuYsos_i8y_HQpNoHpVHAvqf71MbgrafJOQ/export?format=csv&gid=0
HLAL,WDAY,Workday Inc,98138H101,0.09,4807,915541.22,2026-10-01,https://docs.google.com/spreadsheets/d/1UC1Bk67bGuYsos_i8y_HQpNoHpVHAvqf71MbgrafJOQ/export?format=csv&gid=0
HLAL,WDC,Western Digital Corp,958102105,0.39,8398,3816555.08,2026-10-01,https://docs.google.com/spreadsheets/d/1UC1Bk67bGuYsos_i8y_HQpNoHpVHAvqf71MbgrafJOQ/export?format=csv&gid=0
HLAL,WELL,Welltower Inc,95040Q104,0.42,17641,4061663.84,2026-10-01,https://docs.google.com/spreadsheets/d/1UC1Bk67bGuYsos_i8y_HQpNoHpVHAvqf71MbgrafJOQ/export?format=csv&gid=0
HLAL,WSM,Williams-Sonoma Inc,969904101,0.07,2825,643930.5,2026-10-01,https://docs.google.com/spreadsheets/d/1UC1Bk67bGuYsos_i8y_HQpNoHpVHAvqf71MbgrafJOQ/export?format=csv&gid=0
HLAL,WST,West Pharmaceutical Services Inc,955306105,0.06,1709,633628.84,2026-10-01,https://docs.google.com/spreadsheets/d/1UC1Bk67bGuYsos_i8y_HQpNoHpVHAvqf71MbgrafJOQ/export?format=csv&gid=0
HLAL,WY,Weyerhaeuser Co,962166104,0.03,17599,335260.95,2026-10-01,https://docs.google.com/spreadsheets/d/1UC1Bk67bGuYsos_i8y_HQpNoHpVHAvqf71MbgrafJOQ/export?format=csv&gid=0
HLAL,XOM,ExxonMobil Holdings Corp,30233Q108,1.67,100623,16376393.25,2026-10-01,https://docs.google.com/spreadsheets/d/1UC1Bk67bGuYsos_i8y_HQpNoHpVHAvqf71MbgrafJOQ/export?format=csv&gid=0
HLAL,XYL,Xylem Inc/NY,98419M100,0.06,5693,576530.11,2026-10-01,https://docs.google.com/spreadsheets/d/1UC1Bk67bGuYsos_i8y_HQpNoHpVHAvqf71MbgrafJOQ/export?format=csv&gid=0
HLAL,ZBH,ZIMMER BIOMET HOLDINGS INC,98956P102,0.04,4732,420343.56,2026-10-01,https://docs.google.com/spreadsheets/d/1UC1Bk67bGuYsos_i8y_HQpNoHpVHAvqf71MbgrafJOQ/export?format=csv&gid=0
MNZL,A,Agilent Technologies Inc,00846U101,0.14,252,,2026-07-31,https://manzilfunds.com/
MNZL,AA,Alcoa Corp,013872106,0.05,261,,2026-07-31,https://manzilfunds.com/
MNZL,AAOI,Applied Optoelectronics Inc,03823U102,0.02,59,,2026-07-31,https://manzilfunds.com/
MNZL,AAON,AAON Inc,000360206,0.02,47,,2026-07-31,https://manzilfunds.com/
MNZL,AAPL,Apple Inc,037833100,16.78,12496,,2026-07-31,https://manzilfunds.com/
MNZL,ABT,Abbott Laboratories,002824100,0.65,1522,,2026-07-31,https://manzilfunds.com/
MNZL,ACM,AECOM,00766T100,0.03,90,,2026-07-31,https://manzilfunds.com/
MNZL,ADBE,Adobe Inc,00724F101,0.34,345,,2026-07-31,https://manzilfunds.com/
MNZL,ADI,Analog Devices Inc,032654105,0.62,421,,2026-07-31,https://manzilfunds.com/
MNZL,ADM,Archer-Daniels-Midland Co,039483102,0.14,420,,2026-07-31,https://manzilfunds.com/
MNZL,ADSK,Autodesk Inc,052769106,0.18,193,,2026-07-31,https://manzilfunds.com/
MNZL,AEIS,Advanced Energy Industries Inc,007973100,0.03,23,,2026-07-31,https://manzilfunds.com/
MNZL,AGCO,AGCO Corp,001084102,0.02,46,,2026-07-31,https://manzilfunds.com/
MNZL,AHR,American Healthcare REIT Inc,398182303,0.03,147,,2026-07-31,https://manzilfunds.com/
MNZL,AIT,Applied Industrial Technologies Inc,03820C105,0.04,26,,2026-07-31,https://manzilfunds.com/
MNZL,AKAM,Akamai Technologies Inc,00971T101,0.06,126,,2026-07-31,https://manzilfunds.com/
MNZL,ALAB,Astera Labs Inc,04626A103,0.15,126,,2026-07-31,https://manzilfunds.com/
MNZL,ALB,Albemarle Corp,012653101,0.04,88,,2026-07-31,https://manzilfunds.com/
MNZL,ALGM,Allegro MicroSystems Inc,01749D105,0.01,84,,2026-07-31,https://manzilfunds.com/
MNZL,ALGN,Align Technology Inc,016255101,0.03,47,,2026-07-31,https://manzilfunds.com/
MNZL,ALLE,Allegion plc,G0176J109,0.06,96,,2026-07-31,https://manzilfunds.com/
MNZL,ALNY,Alnylam Pharmaceuticals Inc,02043Q107,0.09,110,,2026-07-31,https://manzilfunds.com/
MNZL,AMAT,Applied Materials Inc,038222105,1.37,677,,2026-07-31,https://manzilfunds.com/
MNZL,AMD,Advanced Micro Devices Inc,007903107,2.73,1396,,2026-07-31,https://manzilfunds.com/
MNZL,AMKR,Amkor Technology Inc,031652100,0.02,89,,2026-07-31,https://manzilfunds.com/
MNZL,ANET,Arista Networks Inc,040413205,0.61,885,,2026-07-31,https://manzilfunds.com/
MNZL,AOS,A O Smith Corp,831865209,0.02,84,,2026-07-31,https://manzilfunds.com/
MNZL,APA,APA Corp,03743Q108,0.04,294,,2026-07-31,https://manzilfunds.com/
MNZL,APD,Air Products and Chemicals Inc,009158106,0.22,186,,2026-07-31,https://manzilfunds.com/
MNZL,APG,API Group Corp,00187Y100,0.05,294,,2026-07-31,https://manzilfunds.com/
MNZL,APP,AppLovin Corp,03831W108,0.34,210,,2026-07-31,https://manzilfunds.com/
MNZL,APPF,Appfolio Inc,03783C100,0.03,44,,2026-07-31,https://manzilfunds.com/
MNZL,AR,Antero Resources Corp,03674X106,0.04,252,,2026-07-31,https://manzilfunds.com/
MNZL,ARW,Arrow Electronics Inc,042735100,0.04,43,,2026-07-31,https://manzilfunds.com/
MNZL,AS,Amer Sports Inc,G0260P102,0.02,126,,2026-07-31,https://manzilfunds.com/
MNZL,ASND,Ascendis Pharma A/S,K08588103,0.05,50,,2026-07-31,https://manzilfunds.com/
MNZL,ATO,Atmos Energy Corp,049560105,0.09,129,,2026-07-31,https://manzilfunds.com/
MNZL,ATR,AptarGroup Inc,038336103,0.02,46,,2026-07-31,https://manzilfunds.com/
MNZL,AU,Anglogold Ashanti Plc,G0378L100,0.14,424,,2026-07-31,https://manzilfunds.com/
MNZL,AUGO,Aura Minerals Inc,G06973112,0.01,30,,2026-07-31,https://manzilfunds.com/
MNZL,AUR,Aurora Innovation Inc,051774107,0.02,882,,2026-07-31,https://manzilfunds.com/
MNZL,AVB,AvalonBay Communities Inc,053484101,0.1,126,,2026-07-31,https://manzilfunds.com/
MNZL,AVGO,Broadcom Inc,11135F101,6.24,3997,,2026-07-31,https://manzilfunds.com/
MNZL,AVT,Avnet Inc,053807103,0.03,84,,2026-07-31,https://manzilfunds.com/
MNZL,AVTR,Avantor Inc,05352A100,0.03,546,,2026-07-31,https://manzilfunds.com/
MNZL,AVY,Avery Dennison Corp,053611109,0.03,48,,2026-07-31,https://manzilfunds.com/
MNZL,AWI,Armstrong World Industries Inc,04247X102,0.03,43,,2026-07-31,https://manzilfunds.com/
MNZL,AXSM,Axsome Therapeutics Inc,05464T104,0.03,29,,2026-07-31,https://manzilfunds.com/
MNZL,AYI,Acuity Inc,00508Y102,0.03,22,,2026-07-31,https://manzilfunds.com/
MNZL,AZO,AutoZone Inc,053332102,0.17,14,,2026-07-31,https://manzilfunds.com/
MNZL,BDX,Becton Dickinson & Co,075887109,0.17,252,,2026-07-31,https://manzilfunds.com/
MNZL,BE,Bloom Energy Corp,093712107,0.19,222,,2026-07-31,https://manzilfunds.com/
MNZL,BEPC,Brookfield Renewable Corp,11285B108,0.02,126,,2026-07-31,https://manzilfunds.com/
MNZL,BFAM,Bright Horizons Family Solutions Inc,109194100,0.01,43,,2026-07-31,https://manzilfunds.com/
MNZL,BG,Bunge Global SA,H11356104,0.06,131,,2026-07-31,https://manzilfunds.com/
MNZL,BIIB,Biogen Inc,09062X103,0.11,126,,2026-07-31,https://manzilfunds.com/
MNZL,BIO,Bio-Rad Laboratories Inc,090572207,0.01,6,,2026-07-31,https://manzilfunds.com/
MNZL,BIRK,Birkenstock Holding Plc,M2029K104,0.01,43,,2026-07-31,https://manzilfunds.com/
MNZL,BKR,Baker Hughes Co,05722G100,0.2,845,,2026-07-31,https://manzilfunds.com/
MNZL,BLDR,Builders FirstSource Inc,12008R107,0.02,84,,2026-07-31,https://manzilfunds.com/
MNZL,BMNR,BitMine Immersion Technologies Inc,09175A206,0.03,438,,2026-07-31,https://manzilfunds.com/
MNZL,BMRN,BioMarin Pharmaceutical Inc,09061G101,0.04,168,,2026-07-31,https://manzilfunds.com/
MNZL,BRKR,Bruker Corp,116794108,0.02,84,,2026-07-31,https://manzilfunds.com/
MNZL,BROS,Dutch Bros Inc,26701L100,0.02,89,,2026-07-31,https://manzilfunds.com/
MNZL,BSX,Boston Scientific Corp,101137107,0.23,1264,,2026-07-31,https://manzilfunds.com/
MNZL,BSY,Bentley Systems Inc,08265T208,0.02,126,,2026-07-31,https://manzilfunds.com/
MNZL,BURL,Burlington Stores Inc,122017106,0.07,46,,2026-07-31,https://manzilfunds.com/
MNZL,BWA,BorgWarner Inc,099724106,0.04,168,,2026-07-31,https://manzilfunds.com/
MNZL,CAH,Cardinal Health Inc,14149Y108,0.19,210,,2026-07-31,https://manzilfunds.com/
MNZL,CAI,Caris Life Sciences Inc,142152107,0,51,,2026-07-31,https://manzilfunds.com/
MNZL,CARR,Carrier Global Corp,14448C104,0.17,672,,2026-07-31,https://manzilfunds.com/
MNZL,CART,Maplebear Inc,565394103,0.02,126,,2026-07-31,https://manzilfunds.com/
MNZL,CAVA,Cava Group Inc,148929102,0.02,84,,2026-07-31,https://manzilfunds.com/
MNZL,CBRE,CBRE Group Inc,12504L109,0.15,252,,2026-07-31,https://manzilfunds.com/
MNZL,CDE,COEUR MINING INC.,192108504,0.05,763,,2026-07-31,https://manzilfunds.com/
MNZL,CDNS,Cadence Design Systems Inc,127387108,0.32,237,,2026-07-31,https://manzilfunds.com/
MNZL,CDW,CDW Corp/DE,12514G108,0.06,102,,2026-07-31,https://manzilfunds.com/
MNZL,CELH,Celsius Holdings Inc,15118V207,0.01,126,,2026-07-31,https://manzilfunds.com/
MNZL,CF,CF Industries Holdings Inc,125269100,0.06,128,,2026-07-31,https://manzilfunds.com/
MNZL,CGNX,Cognex Corp,192422103,0.03,126,,2026-07-31,https://manzilfunds.com/
MNZL,CHD,Church & Dwight Co Inc,171340102,0.08,210,,2026-07-31,https://manzilfunds.com/
MNZL,CHE,Chemed Corp,16359R103,0.01,3,,2026-07-31,https://manzilfunds.com/
MNZL,CHRW,CH Robinson Worldwide Inc,12541W209,0.05,88,,2026-07-31,https://manzilfunds.com/
MNZL,CHWY,Chewy Inc,16679L109,0.02,168,,2026-07-31,https://manzilfunds.com/
MNZL,CIEN,Ciena Corp,171779309,0.19,127,,2026-07-31,https://manzilfunds.com/
MNZL,CL,Colgate-Palmolive Co,194162103,0.25,678,,2026-07-31,https://manzilfunds.com/
MNZL,CLH,CLEAN HARBORS INC COM,184496107,0.05,43,,2026-07-31,https://manzilfunds.com/
MNZL,CLX,Clorox Co/The,189054109,0.03,89,,2026-07-31,https://manzilfunds.com/
MNZL,CMG,Chipotle Mexican Grill Inc,169656105,0.18,1134,,2026-07-31,https://manzilfunds.com/
MNZL,CMI,Cummins Inc,231021106,0.29,113,,2026-07-31,https://manzilfunds.com/
MNZL,CNM,Core & Main Inc,21874C102,0.03,168,,2026-07-31,https://manzilfunds.com/
MNZL,COHR,Coherent Corp,19247G107,0.14,143,,2026-07-31,https://manzilfunds.com/
MNZL,COKE,Coca-Cola Consolidated Inc,191098102,0.03,45,,2026-07-31,https://manzilfunds.com/
MNZL,COLM,Columbia Sportswear Co,198516106,0.01,43,,2026-07-31,https://manzilfunds.com/
MNZL,COO,Cooper Cos Inc/The,216648501,0.05,168,,2026-07-31,https://manzilfunds.com/
MNZL,COP,ConocoPhillips,20825C104,0.52,1085,,2026-07-31,https://manzilfunds.com/
MNZL,COR,Cencora Inc,03073E105,0.2,161,,2026-07-31,https://manzilfunds.com/
MNZL,CORT,Corcept Therapeutics Inc,218352102,0.04,84,,2026-07-31,https://manzilfunds.com/
MNZL,CPNG,Coupang Inc,22266T109,0.07,1135,,2026-07-31,https://manzilfunds.com/
MNZL,CPRT,Copart Inc,217204106,0.09,756,,2026-07-31,https://manzilfunds.com/
MNZL,CRDO,Credo Technology Group Holding Ltd,G25457105,0.11,133,,2026-07-31,https://manzilfunds.com/
MNZL,CRH,CRH PLC,G25508105,0.23,597,,2026-07-31,https://manzilfunds.com/
MNZL,CRL,Charles River Laboratories International Inc,159864107,0.04,43,,2026-07-31,https://manzilfunds.com/
MNZL,CRM,Salesforce Inc,79466L302,0.52,709,,2026-07-31,https://manzilfunds.com/
MNZL,CROX,Crocs Inc,227046109,0.02,43,,2026-07-31,https://manzilfunds.com/
MNZL,CRUS,Cirrus Logic Inc,172755100,0.02,43,,2026-07-31,https://manzilfunds.com/
MNZL,CRWD,Crowdstrike Holdings Inc,22788C105,0.64,852,,2026-07-31,https://manzilfunds.com/
MNZL,CSGP,CoStar Group Inc,22160N109,0.04,342,,2026-07-31,https://manzilfunds.com/
MNZL,CSL,Carlisle Cos Inc,142339100,0.06,43,,2026-07-31,https://manzilfunds.com/
MNZL,CSX,CSX Corp,126408103,0.32,1604,,2026-07-31,https://manzilfunds.com/
MNZL,CTAS,Cintas Corp,172908105,0.24,294,,2026-07-31,https://manzilfunds.com/
MNZL,CTVA,Corteva Inc,22052L104,0.21,588,,2026-07-31,https://manzilfunds.com/
MNZL,CVNA,Carvana Co,146869102,0.16,640,,2026-07-31,https://manzilfunds.com/
MNZL,DAL,Delta Air Lines Inc,247361702,0.2,550,,2026-07-31,https://manzilfunds.com/
MNZL,DCI,Donaldson Co Inc,257651109,0.03,87,,2026-07-31,https://manzilfunds.com/
MNZL,DD,DUPONT DE NEMOURS INC,26614N201,0.06,110,,2026-07-31,https://manzilfunds.com/
MNZL,DDOG,Datadog Inc,23804L103,0.29,270,,2026-07-31,https://manzilfunds.com/
MNZL,DDS,Dillard's Inc,254067101,0,1,,2026-07-31,https://manzilfunds.com/
MNZL,DECK,Deckers Outdoor Corp,243537107,0.05,126,,2026-07-31,https://manzilfunds.com/
MNZL,DGX,Quest Diagnostics Inc,74834L100,0.08,87,,2026-07-31,https://manzilfunds.com/
MNZL,DHI,DR Horton Inc,23331A109,0.12,213,,2026-07-31,https://manzilfunds.com/
MNZL,DHR,Danaher Corp,235851102,0.43,546,,2026-07-31,https://manzilfunds.com/
MNZL,DINO,HF Sinclair Corp,403949100,0.05,126,,2026-07-31,https://manzilfunds.com/
MNZL,DKS,Dick's Sporting Goods Inc,253393102,0.04,46,,2026-07-31,https://manzilfunds.com/
MNZL,DLR,Digital Realty Trust Inc,253868103,0.25,315,,2026-07-31,https://manzilfunds.com/
MNZL,DLTR,Dollar Tree Inc,256746108,0.09,168,,2026-07-31,https://manzilfunds.com/
MNZL,DOCN,DigitalOcean Holdings Inc,25402D102,0.03,55,,2026-07-31,https://manzilfunds.com/
MNZL,DOCU,Docusign Inc,256163106,0.04,168,,2026-07-31,https://manzilfunds.com/
MNZL,DOV,Dover Corp,260003108,0.09,105,,2026-07-31,https://manzilfunds.com/
MNZL,DOW,Dow Inc,260557103,0.07,588,,2026-07-31,https://manzilfunds.com/
MNZL,DOX,Amdocs Ltd,G02602103,0.02,84,,2026-07-31,https://manzilfunds.com/
MNZL,DT,Dynatrace Inc,268150109,0.04,252,,2026-07-31,https://manzilfunds.com/
MNZL,DTM,DT Midstream Inc,23345M107,0.05,85,,2026-07-31,https://manzilfunds.com/
MNZL,DUOL,Duolingo Inc,26603R106,0.02,43,,2026-07-31,https://manzilfunds.com/
MNZL,DVN,Devon Energy Corp,25179M103,0.17,947,,2026-07-31,https://manzilfunds.com/
MNZL,DXCM,Dexcom Inc,252131107,0.1,336,,2026-07-31,https://manzilfunds.com/
MNZL,EBAY,eBay Inc,278642103,0.17,381,,2026-07-31,https://manzilfunds.com/
MNZL,ECG,Everus Construction Group Inc,300426103,0.02,43,,2026-07-31,https://manzilfunds.com/
MNZL,ECL,Ecolab Inc,278865100,0.24,211,,2026-07-31,https://manzilfunds.com/
MNZL,EGP,EastGroup Properties Inc,277276101,0.04,43,,2026-07-31,https://manzilfunds.com/
MNZL,EHC,ENCOMPASS HEALTH CORP,29261A100,0.04,84,,2026-07-31,https://manzilfunds.com/
MNZL,EL,Estee Lauder Cos Inc/The,518439104,0.07,210,,2026-07-31,https://manzilfunds.com/
MNZL,ELF,elf Beauty Inc,26856L103,0.01,43,,2026-07-31,https://manzilfunds.com/
MNZL,ELS,Equity LifeStyle Properties Inc,29472R108,0.04,168,,2026-07-31,https://manzilfunds.com/
MNZL,EME,EMCOR Group Inc,29084Q100,0.1,32,,2026-07-31,https://manzilfunds.com/
MNZL,EMR,Emerson Electric Co,291011104,0.28,475,,2026-07-31,https://manzilfunds.com/
MNZL,ENPH,Enphase Energy Inc,29355A107,0.02,126,,2026-07-31,https://manzilfunds.com/
MNZL,ENSG,Ensign Group Inc/The,29358P101,0.03,44,,2026-07-31,https://manzilfunds.com/
MNZL,ENTG,Entegris Inc,29362U104,0.06,126,,2026-07-31,https://manzilfunds.com/
MNZL,EOG,EOG Resources Inc,26875P101,0.27,465,,2026-07-31,https://manzilfunds.com/
MNZL,EPAM,EPAM Systems Inc,29414B104,0.02,43,,2026-07-31,https://manzilfunds.com/
MNZL,EQIX,Equinix Inc,29444U700,0.36,85,,2026-07-31,https://manzilfunds.com/
MNZL,EQR,Equity Residential,29476L107,0.08,302,,2026-07-31,https://manzilfunds.com/
MNZL,ESAB,Esab Corp,29605J106,0.01,43,,2026-07-31,https://manzilfunds.com/
MNZL,ESI,Element Solutions Inc,28618M106,0.02,168,,2026-07-31,https://manzilfunds.com/
MNZL,ESTC,Elastic NV,N14506104,0.02,84,,2026-07-31,https://manzilfunds.com/
MNZL,EW,Edwards Lifesciences Corp,28176E108,0.18,517,,2026-07-31,https://manzilfunds.com/
MNZL,EXE,Expand Energy Corp,165167735,0.07,185,,2026-07-31,https://manzilfunds.com/
MNZL,EXEL,Exelixis Inc,30161Q104,0.05,210,,2026-07-31,https://manzilfunds.com/
MNZL,EXP,Eagle Materials Inc,26969P108,0.01,16,,2026-07-31,https://manzilfunds.com/
MNZL,EXPD,Expeditors International of Washington Inc,302130109,0.09,131,,2026-07-31,https://manzilfunds.com/
MNZL,FAST,Fastenal Co,311900104,0.18,973,,2026-07-31,https://manzilfunds.com/
MNZL,FCN,FTI Consulting Inc,302941109,0.01,22,,2026-07-31,https://manzilfunds.com/
MNZL,FDX,FedEx Corp,31428X106,0.23,189,,2026-07-31,https://manzilfunds.com/
MNZL,FDXF,Fedex Freight Holding Co Inc,314352105,0.05,94,,2026-07-31,https://manzilfunds.com/
MNZL,FERG,Ferguson Enterprises Inc,31488V107,0.15,168,,2026-07-31,https://manzilfunds.com/
MNZL,FFIV,F5 Inc,315616102,0.07,45,,2026-07-31,https://manzilfunds.com/
MNZL,FICO,Fair Isaac Corp,303250104,0.07,16,,2026-07-31,https://manzilfunds.com/
MNZL,FIVE,Five Below Inc,33829M101,0.04,47,,2026-07-31,https://manzilfunds.com/
MNZL,FIX,Comfort Systems USA Inc,199908104,0.18,27,,2026-07-31,https://manzilfunds.com/
MNZL,FLEX,Flex Ltd,Y2573F102,0.14,300,,2026-07-31,https://manzilfunds.com/
MNZL,FLS,Flowserve Corp,34354P105,0.04,126,,2026-07-31,https://manzilfunds.com/
MNZL,FN,Fabrinet,G3323L100,0.04,23,,2026-07-31,https://manzilfunds.com/
MNZL,FND,Floor & Decor Holdings Inc,339750101,0.02,84,,2026-07-31,https://manzilfunds.com/
MNZL,FORM,FormFactor Inc,346375108,0.03,59,,2026-07-31,https://manzilfunds.com/
MNZL,FPS,Forgent Power Solutions Inc,34631F102,0.01,97,,2026-07-31,https://manzilfunds.com/
MNZL,FRPT,Freshpet Inc,358039105,0.01,43,,2026-07-31,https://manzilfunds.com/
MNZL,FTAI,FTAI Aviation Ltd,G3730V105,0.07,85,,2026-07-31,https://manzilfunds.com/
MNZL,FTI,TechnipFMC PLC,G87110105,0.09,336,,2026-07-31,https://manzilfunds.com/
MNZL,FTNT,Fortinet Inc,34959E109,0.32,513,,2026-07-31,https://manzilfunds.com/
MNZL,FTV,Fortive Corp,34959J108,0.07,294,,2026-07-31,https://manzilfunds.com/
MNZL,G,Genpact Ltd,G3922B107,0.02,126,,2026-07-31,https://manzilfunds.com/
MNZL,GAP,Gap Inc/The,364760108,0.02,210,,2026-07-31,https://manzilfunds.com/
MNZL,GDDY,GoDaddy Inc,380237107,0.05,126,,2026-07-31,https://manzilfunds.com/
MNZL,GEHC,GE HealthCare Technologies Inc,36266G107,0.11,382,,2026-07-31,https://manzilfunds.com/
MNZL,GEV,GE Vernova Inc,36828A101,0.91,230,,2026-07-31,https://manzilfunds.com/
MNZL,GFS,GLOBALFOUNDRIES Inc,G39387108,0.02,84,,2026-07-31,https://manzilfunds.com/
MNZL,GGG,Graco Inc,384109104,0.04,130,,2026-07-31,https://manzilfunds.com/
MNZL,GH,Guardant Health Inc,40131M109,0.06,93,,2026-07-31,https://manzilfunds.com/
MNZL,GILD,Gilead Sciences Inc,375558103,0.56,1058,,2026-07-31,https://manzilfunds.com/
MNZL,GLW,Corning Inc,219350105,0.37,672,,2026-07-31,https://manzilfunds.com/
MNZL,GLXY,Galaxy Digital Inc,36317J209,0.01,138,,2026-07-31,https://manzilfunds.com/
MNZL,GMED,Globus Medical Inc,379577208,0.03,87,,2026-07-31,https://manzilfunds.com/
MNZL,GNRC,Generac Holdings Inc,368736104,0.03,45,,2026-07-31,https://manzilfunds.com/
MNZL,GNTX,Gentex Corp,371901109,0.02,168,,2026-07-31,https://manzilfunds.com/
MNZL,GPC,Genuine Parts Co,372460105,0.06,126,,2026-07-31,https://manzilfunds.com/
MNZL,GRMN,Garmin Ltd,H2906T109,0.16,136,,2026-07-31,https://manzilfunds.com/
MNZL,GSAT,Globalstar Inc,378973507,0.01,44,,2026-07-31,https://manzilfunds.com/
MNZL,GTES,Gates Industrial Corp Ltd,G39104107,0.02,210,,2026-07-31,https://manzilfunds.com/
MNZL,GTLB,Gitlab Inc,37637K108,0.02,126,,2026-07-31,https://manzilfunds.com/
MNZL,GWW,WW Grainger Inc,384802104,0.18,33,,2026-07-31,https://manzilfunds.com/
MNZL,GXO,GXO Logistics Inc,36262G101,0.02,84,,2026-07-31,https://manzilfunds.com/
MNZL,HAL,Halliburton Co,406216101,0.09,714,,2026-07-31,https://manzilfunds.com/
MNZL,HALO,Halozyme Therapeutics Inc,40637H109,0.03,88,,2026-07-31,https://manzilfunds.com/
MNZL,HAYW,Hayward Holdings Inc,421298100,0.01,168,,2026-07-31,https://manzilfunds.com/
MNZL,HD,Home Depot Inc/The,437076102,1.16,866,,2026-07-31,https://manzilfunds.com/
MNZL,HL,Hecla Mining Co,422704106,0.03,495,,2026-07-31,https://manzilfunds.com/
MNZL,HPQ,HP Inc,40434L105,0.09,798,,2026-07-31,https://manzilfunds.com/
MNZL,HRB,H&R Block Inc,093671105,0.02,89,,2026-07-31,https://manzilfunds.com/
MNZL,HSIC,Henry Schein Inc,806407102,0.03,84,,2026-07-31,https://manzilfunds.com/
MNZL,HSY,Hershey Co/The,427866108,0.09,126,,2026-07-31,https://manzilfunds.com/
MNZL,HUBB,Hubbell Inc,443510607,0.08,44,,2026-07-31,https://manzilfunds.com/
MNZL,HUBS,HubSpot Inc,443573100,0.04,43,,2026-07-31,https://manzilfunds.com/
MNZL,IDXX,IDEXX Laboratories Inc,45168D104,0.15,66,,2026-07-31,https://manzilfunds.com/
MNZL,IESC,IES Holdings Inc,44951W106,0.01,6,,2026-07-31,https://manzilfunds.com/
MNZL,IEX,IDEX Corp,45167R104,0.05,58,,2026-07-31,https://manzilfunds.com/
MNZL,IFF,International Flavors & Fragrances Inc,459506101,0.07,210,,2026-07-31,https://manzilfunds.com/
MNZL,ILMN,Illumina Inc,452327109,0.11,128,,2026-07-31,https://manzilfunds.com/
MNZL,INCY,Incyte Corp,45337C102,0.06,129,,2026-07-31,https://manzilfunds.com/
MNZL,INGM,Ingram Micro Holding Corp,457152106,0,32,,2026-07-31,https://manzilfunds.com/
MNZL,INSM,Insmed Inc,457669307,0.07,171,,2026-07-31,https://manzilfunds.com/
MNZL,IONQ,IonQ Inc,46222L108,0.04,277,,2026-07-31,https://manzilfunds.com/
MNZL,IONS,Ionis Pharmaceuticals Inc,462222100,0.04,194,,2026-07-31,https://manzilfunds.com/
MNZL,IP,International Paper Co,460146103,0.07,428,,2026-07-31,https://manzilfunds.com/
MNZL,IPGP,IPG Photonics Corp,44980X109,0,5,,2026-07-31,https://manzilfunds.com/
MNZL,IR,Ingersoll Rand Inc,45687V106,0.11,336,,2026-07-31,https://manzilfunds.com/
MNZL,ISRG,Intuitive Surgical Inc,46120E602,0.44,311,,2026-07-31,https://manzilfunds.com/
MNZL,IT,Gartner Inc,366651107,0.03,47,,2026-07-31,https://manzilfunds.com/
MNZL,ITW,Illinois Tool Works Inc,452308109,0.29,252,,2026-07-31,https://manzilfunds.com/
MNZL,J,Jacobs Solutions Inc,46982L108,0.05,88,,2026-07-31,https://manzilfunds.com/
MNZL,JAN,Janus Living Inc,471024109,0,34,,2026-07-31,https://manzilfunds.com/
MNZL,JBHT,JB Hunt Transport Services Inc,445658107,0.06,59,,2026-07-31,https://manzilfunds.com/
MNZL,JBL,Jabil Inc,466313103,0.11,85,,2026-07-31,https://manzilfunds.com/
MNZL,JCI,Johnson Controls International plc,G51502105,0.3,518,,2026-07-31,https://manzilfunds.com/
MNZL,JHX,James Hardie Industries PLC,G4253H101,0.01,126,,2026-07-31,https://manzilfunds.com/
MNZL,JLL,Jones Lang LaSalle Inc,48020Q107,0.06,43,,2026-07-31,https://manzilfunds.com/
MNZL,JNJ,Johnson & Johnson,478160104,2.2,2132,,2026-07-31,https://manzilfunds.com/
MNZL,KD,Kyndryl Holdings Inc,50155Q100,0.01,210,,2026-07-31,https://manzilfunds.com/
MNZL,KEX,Kirby Corp,497266106,0.02,43,,2026-07-31,https://manzilfunds.com/
MNZL,KEYS,Keysight Technologies Inc,49338L103,0.18,139,,2026-07-31,https://manzilfunds.com/
MNZL,KHC,Kraft Heinz Co/The,500754106,0.08,714,,2026-07-31,https://manzilfunds.com/
MNZL,KLAC,KLA CORP,482480100,0.81,1114,,2026-07-31,https://manzilfunds.com/
MNZL,KMB,Kimberly-Clark Corp,494368103,0.13,294,,2026-07-31,https://manzilfunds.com/
MNZL,KNX,Knight-Swift Transportation Holdings Inc,499049104,0.04,126,,2026-07-31,https://manzilfunds.com/
MNZL,KVUE,Kenvue Inc,49177J102,0.12,1596,,2026-07-31,https://manzilfunds.com/
MNZL,KVYO,Klaviyo Inc,49845K101,0.01,114,,2026-07-31,https://manzilfunds.com/
MNZL,LBRDA,Liberty Broadband Corp,530307107,0,12,,2026-07-31,https://manzilfunds.com/
MNZL,LBRDK,Liberty Broadband Corp,530307305,0.01,84,,2026-07-31,https://manzilfunds.com/
MNZL,LEA,Lear Corp,521865204,0.03,43,,2026-07-31,https://manzilfunds.com/
MNZL,LECO,Lincoln Electric Holdings Inc,533900106,0.04,44,,2026-07-31,https://manzilfunds.com/
MNZL,LEN,Lennar Corp,526057104,0.06,168,,2026-07-31,https://manzilfunds.com/
MNZL,LEN/B,Lennar Corp,526057302,0,7,,2026-07-31,https://manzilfunds.com/
MNZL,LFUS,Littelfuse Inc,537008104,0.04,21,,2026-07-31,https://manzilfunds.com/
MNZL,LH,Labcorp Holdings Inc,504922105,0.08,64,,2026-07-31,https://manzilfunds.com/
MNZL,LII,Lennox International Inc,526107107,0.04,26,,2026-07-31,https://manzilfunds.com/
MNZL,LIN,Linde PLC,G54950103,0.83,404,,2026-07-31,https://manzilfunds.com/
MNZL,LINE,Lineage Inc,53566V106,0.01,43,,2026-07-31,https://manzilfunds.com/
MNZL,LITE,Lumentum Holdings Inc,55024U109,0.16,57,,2026-07-31,https://manzilfunds.com/
MNZL,LKQ,LKQ Corp,501889208,0.02,210,,2026-07-31,https://manzilfunds.com/
MNZL,LLY,Eli Lilly & Co,532457108,3.23,695,,2026-07-31,https://manzilfunds.com/
MNZL,LLYVA,Liberty Live Holdings Inc,530909100,0,4,,2026-07-31,https://manzilfunds.com/
MNZL,LLYVK,Liberty Live Holdings Inc,530909308,0.02,43,,2026-07-31,https://manzilfunds.com/
MNZL,LOAR,Loar Holdings Inc,53947R105,0.01,43,,2026-07-31,https://manzilfunds.com/
MNZL,LOPE,Grand Canyon Education Inc,38526M106,0.03,44,,2026-07-31,https://manzilfunds.com/
MNZL,LOW,Lowe's Cos Inc,548661107,0.41,490,,2026-07-31,https://manzilfunds.com/
MNZL,LPX,Louisiana-Pacific Corp,546347105,0.01,43,,2026-07-31,https://manzilfunds.com/
MNZL,LRCX,Lam Research Corp,512807306,1.28,1066,,2026-07-31,https://manzilfunds.com/
MNZL,LSCC,Lattice Semiconductor Corp,518415104,0.06,126,,2026-07-31,https://manzilfunds.com/
MNZL,LSTR,Landstar System Inc,515098101,0.02,30,,2026-07-31,https://manzilfunds.com/
MNZL,LULU,Lululemon Athletica Inc,550021109,0.04,84,,2026-07-31,https://manzilfunds.com/
MNZL,LUV,Southwest Airlines Co,844741108,0.07,378,,2026-07-31,https://manzilfunds.com/
MNZL,LYFT,Lyft Inc,55087P104,0.02,336,,2026-07-31,https://manzilfunds.com/
MNZL,M,Macy's Inc,55616P104,0.02,210,,2026-07-31,https://manzilfunds.com/
MNZL,MANH,Manhattan Associates Inc,562750109,0.03,45,,2026-07-31,https://manzilfunds.com/
MNZL,MAR,Marriott International Inc/MD,571903202,0.29,190,,2026-07-31,https://manzilfunds.com/
MNZL,MAS,Masco Corp,574599106,0.05,168,,2026-07-31,https://manzilfunds.com/
MNZL,MCHP,Microchip Technology Inc,595017104,0.13,428,,2026-07-31,https://manzilfunds.com/
MNZL,MCK,McKesson Corp,58155Q103,0.38,110,,2026-07-31,https://manzilfunds.com/
MNZL,MDB,MongoDB Inc,60937P106,0.08,61,,2026-07-31,https://manzilfunds.com/
MNZL,MDGL,Madrigal Pharmaceuticals Inc,558868105,0.02,12,,2026-07-31,https://manzilfunds.com/
MNZL,MDLN,Medline Inc,58507V107,0.05,326,,2026-07-31,https://manzilfunds.com/
MNZL,MDLZ,Mondelez International Inc,609207105,0.28,1084,,2026-07-31,https://manzilfunds.com/
MNZL,MDT,Medtronic PLC,G5960L103,0.38,1097,,2026-07-31,https://manzilfunds.com/
MNZL,MEDP,Medpace Holdings Inc,58506Q109,0.04,17,,2026-07-31,https://manzilfunds.com/
MNZL,MFP,Midera Food Processing Inc,59739R104,0.01,43,,2026-07-31,https://manzilfunds.com/
MNZL,MHK,Mohawk Industries Inc,608190104,0.02,43,,2026-07-31,https://manzilfunds.com/
MNZL,MIDD,Middleby Corp/The,596278101,0.02,43,,2026-07-31,https://manzilfunds.com/
MNZL,MKC,McCormick & Co Inc/MD,579780206,0.04,210,,2026-07-31,https://manzilfunds.com/
MNZL,MLI,Mueller Industries Inc,624756102,0.05,176,,2026-07-31,https://manzilfunds.com/
MNZL,MLM,Martin Marietta Materials Inc,573284106,0.12,53,,2026-07-31,https://manzilfunds.com/
MNZL,MMM,3M Co,88579Y101,0.33,462,,2026-07-31,https://manzilfunds.com/
MNZL,MNST,Monster Beverage Corp,61174X109,0.23,592,,2026-07-31,https://manzilfunds.com/
MNZL,MOD,Modine Manufacturing Co,607828100,0.02,32,,2026-07-31,https://manzilfunds.com/
MNZL,MOS,Mosaic Co/The,61945C103,0.02,252,,2026-07-31,https://manzilfunds.com/
MNZL,MPWR,Monolithic Power Systems Inc,609839105,0.22,42,,2026-07-31,https://manzilfunds.com/
MNZL,MRK,Merck & Co Inc,58933Y105,1.14,2190,,2026-07-31,https://manzilfunds.com/
MNZL,MRVL,MARVELL TECHNOLOGY INC,573874104,0.54,736,,2026-07-31,https://manzilfunds.com/
MNZL,MSA,MSA Safety Inc,553498106,0.02,24,,2026-07-31,https://manzilfunds.com/
MNZL,MSM,MSC Industrial Direct Co Inc,553530106,0.02,43,,2026-07-31,https://manzilfunds.com/
MNZL,MSTR,Strategy Inc,594972408,0.12,304,,2026-07-31,https://manzilfunds.com/
MNZL,MTD,Mettler-Toledo International Inc,592688105,0.08,14,,2026-07-31,https://manzilfunds.com/
MNZL,MTDR,Matador Resources Co,576485205,0.02,88,,2026-07-31,https://manzilfunds.com/
MNZL,MTSI,MACOM Technology Solutions Holdings Inc,55405Y100,0.06,61,,2026-07-31,https://manzilfunds.com/
MNZL,MTZ,MasTec Inc,576323109,0.08,58,,2026-07-31,https://manzilfunds.com/
MNZL,MU,Micron Technology Inc,595112103,3.41,968,,2026-07-31,https://manzilfunds.com/
MNZL,MWH,Solv Energy Inc,78475V103,0,28,,2026-07-31,https://manzilfunds.com/
MNZL,NBIX,Neurocrine Biosciences Inc,64125C109,0.06,84,,2026-07-31,https://manzilfunds.com/
MNZL,NDSN,Nordson Corp,655663102,0.05,44,,2026-07-31,https://manzilfunds.com/
MNZL,NEM,Newmont Corp,651639106,0.35,904,,2026-07-31,https://manzilfunds.com/
MNZL,NEU,NewMarket Corp,651587107,0.03,8,,2026-07-31,https://manzilfunds.com/
MNZL,NFG,National Fuel Gas Co,636180101,0.03,84,,2026-07-31,https://manzilfunds.com/
MNZL,NKE,NIKE Inc,654106103,0.17,1010,,2026-07-31,https://manzilfunds.com/
MNZL,NOV,NOV Inc,62955J103,0.02,294,,2026-07-31,https://manzilfunds.com/
MNZL,NOW,ServiceNow Inc,81762P102,0.39,888,,2026-07-31,https://manzilfunds.com/
MNZL,NSC,Norfolk Southern Corp,655844108,0.25,187,,2026-07-31,https://manzilfunds.com/
MNZL,NTAP,NetApp Inc,64110D104,0.12,168,,2026-07-31,https://manzilfunds.com/
MNZL,NTNX,Nutanix Inc,67059N108,0.05,210,,2026-07-31,https://manzilfunds.com/
MNZL,NTRA,Natera Inc,632307104,0.12,110,,2026-07-31,https://manzilfunds.com/
MNZL,NUE,Nucor Corp,670346105,0.19,184,,2026-07-31,https://manzilfunds.com/
MNZL,NVR,NVR Inc,62944T105,0.05,2,,2026-07-31,https://manzilfunds.com/
MNZL,NVST,Envista Holdings Corp,29415F104,0.01,126,,2026-07-31,https://manzilfunds.com/
MNZL,NVT,nVent Electric PLC,G6700G107,0.08,129,,2026-07-31,https://manzilfunds.com/
MNZL,NXT,Nextpower Inc,65290E101,0.04,107,,2026-07-31,https://manzilfunds.com/
MNZL,ODFL,Old Dominion Freight Line Inc,679580100,0.12,146,,2026-07-31,https://manzilfunds.com/
MNZL,OKTA,Okta Inc,679295105,0.07,130,,2026-07-31,https://manzilfunds.com/
MNZL,OLLI,Ollie's Bargain Outlet Holdings Inc,681116109,0.01,43,,2026-07-31,https://manzilfunds.com/
MNZL,ON,ON Semiconductor Corp,682189105,0.11,336,,2026-07-31,https://manzilfunds.com/
MNZL,ONON,On Holding AG,H5919C104,0.03,174,,2026-07-31,https://manzilfunds.com/
MNZL,ONTO,Onto Innovation Inc,683344105,0.04,43,,2026-07-31,https://manzilfunds.com/
MNZL,ORCL,Oracle Corp,68389X105,0.76,1476,,2026-07-31,https://manzilfunds.com/
MNZL,ORLY,O'Reilly Automotive Inc,67103H107,0.25,718,,2026-07-31,https://manzilfunds.com/
MNZL,OTIS,Otis Worldwide Corp,68902V107,0.1,336,,2026-07-31,https://manzilfunds.com/
MNZL,OVV,Ovintiv Inc,69047Q102,0.05,218,,2026-07-31,https://manzilfunds.com/
MNZL,OXY,Occidental Petroleum Corp,674599105,0.13,593,,2026-07-31,https://manzilfunds.com/
MNZL,P,Everpure Inc,74624M102,0.08,257,,2026-07-31,https://manzilfunds.com/
MNZL,PANW,Palo Alto Networks Inc,697435105,0.91,693,,2026-07-31,https://manzilfunds.com/
MNZL,PATH,UiPath Inc,90364P105,0.02,336,,2026-07-31,https://manzilfunds.com/
MNZL,PAYC,Paycom Software Inc,70432V102,0.03,43,,2026-07-31,https://manzilfunds.com/
MNZL,PCAR,PACCAR Inc,693718108,0.23,435,,2026-07-31,https://manzilfunds.com/
MNZL,PCOR,Procore Technologies Inc,74275K108,0.02,89,,2026-07-31,https://manzilfunds.com/
MNZL,PEGA,Pegasystems Inc,705573103,0.01,84,,2026-07-31,https://manzilfunds.com/
MNZL,PEN,Penumbra Inc,70975L107,0.03,20,,2026-07-31,https://manzilfunds.com/
MNZL,PEP,PepsiCo Inc,713448108,0.7,1239,,2026-07-31,https://manzilfunds.com/
MNZL,PFE,Pfizer Inc,717081103,0.49,4919,,2026-07-31,https://manzilfunds.com/
MNZL,PG,Procter & Gamble Co/The,742718109,1.19,2053,,2026-07-31,https://manzilfunds.com/
MNZL,PHM,PulteGroup Inc,745867101,0.09,168,,2026-07-31,https://manzilfunds.com/
MNZL,PINS,Pinterest Inc,72352L106,0.05,504,,2026-07-31,https://manzilfunds.com/
MNZL,PKG,Packaging Corp of America,695156109,0.09,85,,2026-07-31,https://manzilfunds.com/
MNZL,PLD,Prologis Inc,74340W103,0.47,800,,2026-07-31,https://manzilfunds.com/
MNZL,PLNT,Planet Fitness Inc,72703H101,0.02,84,,2026-07-31,https://manzilfunds.com/
MNZL,PNR,Pentair PLC,G7S00T104,0.03,129,,2026-07-31,https://manzilfunds.com/
MNZL,PODD,Insulet Corp,45784P101,0.03,47,,2026-07-31,https://manzilfunds.com/
MNZL,POOL,Pool Corp,73278L105,0.02,21,,2026-07-31,https://manzilfunds.com/
MNZL,POWL,Powell Industries Inc,739128106,0.02,19,,2026-07-31,https://manzilfunds.com/
MNZL,PPG,PPG Industries Inc,693506107,0.08,174,,2026-07-31,https://manzilfunds.com/
MNZL,PPLI,People Inc,44891N208,0.01,43,,2026-07-31,https://manzilfunds.com/
MNZL,PRIM,Primoris Services Corp,74164F103,0.01,33,,2026-07-31,https://manzilfunds.com/
MNZL,PSX,Phillips 66,718546104,0.29,339,,2026-07-31,https://manzilfunds.com/
MNZL,PTC,PTC Inc,69370C100,0.05,88,,2026-07-31,https://manzilfunds.com/
MNZL,PVH,PVH Corp,693656100,0.02,43,,2026-07-31,https://manzilfunds.com/
MNZL,PWR,Quanta Services Inc,74762E102,0.34,128,,2026-07-31,https://manzilfunds.com/
MNZL,Q,Qnity Electronics Inc,74743L100,0.09,171,,2026-07-31,https://manzilfunds.com/
MNZL,QCOM,QUALCOMM Inc,747525103,0.55,898,,2026-07-31,https://manzilfunds.com/
MNZL,QGEN,QIAGEN NV,N72482156,0.03,170,,2026-07-31,https://manzilfunds.com/
MNZL,QRVO,Qorvo Inc,74736K101,0.03,84,,2026-07-31,https://manzilfunds.com/
MNZL,QXO,QXO Inc,82846H405,0.06,1046,,2026-07-31,https://manzilfunds.com/
MNZL,RAL,Ralliant Corp,750940108,0.02,84,,2026-07-31,https://manzilfunds.com/
MNZL,RBA,RB Global Inc,74935Q107,0.07,168,,2026-07-31,https://manzilfunds.com/
MNZL,RBLX,ROBLOX Corp,771049103,0.1,512,,2026-07-31,https://manzilfunds.com/
MNZL,RBRK,Rubrik Inc,781154109,0.04,126,,2026-07-31,https://manzilfunds.com/
MNZL,RDDT,Reddit Inc,75734B100,0.08,110,,2026-07-31,https://manzilfunds.com/
MNZL,REGN,Regeneron Pharmaceuticals Inc,75886F107,0.25,85,,2026-07-31,https://manzilfunds.com/
MNZL,REXR,Rexford Industrial Realty Inc,76169C100,0.03,210,,2026-07-31,https://manzilfunds.com/
MNZL,REYN,Reynolds Consumer Products Inc,76171L106,0,43,,2026-07-31,https://manzilfunds.com/
MNZL,RGEN,Repligen Corp,759916109,0.02,43,,2026-07-31,https://manzilfunds.com/
MNZL,RHI,Robert Half Inc,770323103,0.01,84,,2026-07-31,https://manzilfunds.com/
MNZL,RIVN,Rivian Automotive Inc,76954A103,0.04,593,,2026-07-31,https://manzilfunds.com/
MNZL,RKLB,Rocket Lab Corp,773121108,0.11,421,,2026-07-31,https://manzilfunds.com/
MNZL,RL,Ralph Lauren Corp,751212101,0.05,32,,2026-07-31,https://manzilfunds.com/
MNZL,RMBS,Rambus Inc,750917106,0.03,73,,2026-07-31,https://manzilfunds.com/
MNZL,RMD,ResMed Inc,761152107,0.11,126,,2026-07-31,https://manzilfunds.com/
MNZL,ROK,Rockwell Automation Inc,773903109,0.17,92,,2026-07-31,https://manzilfunds.com/
MNZL,ROL,Rollins Inc,775711104,0.04,252,,2026-07-31,https://manzilfunds.com/
MNZL,ROP,Roper Technologies Inc,776696106,0.13,85,,2026-07-31,https://manzilfunds.com/
MNZL,ROST,Ross Stores Inc,778296103,0.29,281,,2026-07-31,https://manzilfunds.com/
MNZL,RPM,RPM International Inc,749685103,0.04,90,,2026-07-31,https://manzilfunds.com/
MNZL,RRC,Range Resources Corp,75281A109,0.03,210,,2026-07-31,https://manzilfunds.com/
MNZL,RS,Reliance Inc,759509102,0.07,44,,2026-07-31,https://manzilfunds.com/
MNZL,RSG,Republic Services Inc,760759100,0.14,170,,2026-07-31,https://manzilfunds.com/
MNZL,RVTY,Revvity Inc,714046109,0.04,87,,2026-07-31,https://manzilfunds.com/
MNZL,RYN,Rayonier Inc,754907103,0.02,253,,2026-07-31,https://manzilfunds.com/
MNZL,S,SentinelOne Inc,81730H109,0.02,255,,2026-07-31,https://manzilfunds.com/
MNZL,SAIA,Saia Inc,78709Y105,0.03,24,,2026-07-31,https://manzilfunds.com/
MNZL,SAIL,SailPoint Inc,78781J109,0,43,,2026-07-31,https://manzilfunds.com/
MNZL,SANM,Sanmina Corp,801056102,0.02,31,,2026-07-31,https://manzilfunds.com/
MNZL,SBUX,Starbucks Corp,855244109,0.41,971,,2026-07-31,https://manzilfunds.com/
MNZL,SCCO,Southern Copper Corp,84265V105,0.07,89,,2026-07-31,https://manzilfunds.com/
MNZL,SCI,Service Corp International/US,817565104,0.04,126,,2026-07-31,https://manzilfunds.com/
MNZL,SHW,Sherwin-Williams Co/The,824348106,0.28,205,,2026-07-31,https://manzilfunds.com/
MNZL,SITE,SiteOne Landscape Supply Inc,82982L103,0.02,43,,2026-07-31,https://manzilfunds.com/
MNZL,SLB,SLB Ltd,806857108,0.26,1302,,2026-07-31,https://manzilfunds.com/
MNZL,SMMT,Summit Therapeutics Inc,86627T108,0,84,,2026-07-31,https://manzilfunds.com/
MNZL,SMTC,Semtech Corp,816850101,0.03,64,,2026-07-31,https://manzilfunds.com/
MNZL,SN,SharkNinja Inc,G8068L108,0.06,84,,2026-07-31,https://manzilfunds.com/
MNZL,SNA,Snap-on Inc,833034101,0.07,44,,2026-07-31,https://manzilfunds.com/
MNZL,SNDK,Sandisk Corp,80004C200,0.65,126,,2026-07-31,https://manzilfunds.com/
MNZL,SNDR,Schneider National Inc,80689H102,0.01,43,,2026-07-31,https://manzilfunds.com/
MNZL,SNOW,Snowflake Inc,833445109,0.36,296,,2026-07-31,https://manzilfunds.com/
MNZL,SNPS,Synopsys Inc,871607107,0.23,154,,2026-07-31,https://manzilfunds.com/
MNZL,SNX,TD SYNNEX Corp,87162W100,0.06,57,,2026-07-31,https://manzilfunds.com/
MNZL,SOLS,Solstice Advanced Materials Inc,83443Q103,0.03,126,,2026-07-31,https://manzilfunds.com/
MNZL,SPCX,Space Exploration Technologies Corp,84615Q103,0.2,438,,2026-07-31,https://manzilfunds.com/
MNZL,SPXC,SPX Technologies Inc,78473E103,0.02,28,,2026-07-31,https://manzilfunds.com/
MNZL,SRE,Sempra,816851109,0.2,551,,2026-07-31,https://manzilfunds.com/
MNZL,SSD,Simpson Manufacturing Co Inc,829073105,0.03,43,,2026-07-31,https://manzilfunds.com/
MNZL,STE,STERIS PLC,G8473T100,0.08,84,,2026-07-31,https://manzilfunds.com/
MNZL,STLD,Steel Dynamics Inc,858119100,0.13,129,,2026-07-31,https://manzilfunds.com/
MNZL,STRL,Sterling Infrastructure Inc,859241101,0.05,20,,2026-07-31,https://manzilfunds.com/
MNZL,SUI,Sun Communities Inc,866674104,0.04,89,,2026-07-31,https://manzilfunds.com/
MNZL,SUNB,Sunbelt Rentals Holdings Inc,866966104,0.09,322,,2026-07-31,https://manzilfunds.com/
MNZL,SW,Smurfit Westrock PLC,G8267P108,0.08,427,,2026-07-31,https://manzilfunds.com/
MNZL,SWK,Stanley Black & Decker Inc,854502101,0.05,126,,2026-07-31,https://manzilfunds.com/
MNZL,SYK,Stryker Corp,863667101,0.41,295,,2026-07-31,https://manzilfunds.com/
MNZL,T,AT&T Inc,00206R102,0.56,6008,,2026-07-31,https://manzilfunds.com/
MNZL,TEAM,Atlassian Corp,049468101,0.05,130,,2026-07-31,https://manzilfunds.com/
MNZL,TECH,Bio-Techne Corp,09073M104,0.04,126,,2026-07-31,https://manzilfunds.com/
MNZL,TEM,Tempus AI Inc,88023B103,0.01,84,,2026-07-31,https://manzilfunds.com/
MNZL,TER,Teradyne Inc,880770102,0.2,133,,2026-07-31,https://manzilfunds.com/
MNZL,THO,Thor Industries Inc,885160101,0.01,43,,2026-07-31,https://manzilfunds.com/
MNZL,TJX,TJX Cos Inc/The,872540109,0.63,986,,2026-07-31,https://manzilfunds.com/
MNZL,TKR,Timken Co/The,887389104,0.03,46,,2026-07-31,https://manzilfunds.com/
MNZL,TMO,Thermo Fisher Scientific Inc,883556102,0.73,314,,2026-07-31,https://manzilfunds.com/
MNZL,TOL,Toll Brothers Inc,889478103,0.05,84,,2026-07-31,https://manzilfunds.com/
MNZL,TPL,Texas Pacific Land Corp,88262P102,0.09,56,,2026-07-31,https://manzilfunds.com/
MNZL,TPR,Tapestry Inc,876030107,0.1,170,,2026-07-31,https://manzilfunds.com/
MNZL,TREX,Trex Co Inc,89531P105,0.01,84,,2026-07-31,https://manzilfunds.com/
MNZL,TRMB,Trimble Inc,896239100,0.05,210,,2026-07-31,https://manzilfunds.com/
MNZL,TSCO,Tractor Supply Co,892356106,0.06,462,,2026-07-31,https://manzilfunds.com/
MNZL,TSLA,Tesla Inc,88160R101,3.12,2507,,2026-07-31,https://manzilfunds.com/
MNZL,TT,Trane Technologies PLC,G8994E103,0.34,194,,2026-07-31,https://manzilfunds.com/
MNZL,TTC,Toro Co/The,891092108,0.03,84,,2026-07-31,https://manzilfunds.com/
MNZL,TTD,Trade Desk Inc/The,88339J105,0.03,378,,2026-07-31,https://manzilfunds.com/
MNZL,TTEK,Tetra Tech Inc,88162G103,0.03,210,,2026-07-31,https://manzilfunds.com/
MNZL,TWLO,Twilio Inc,90138F102,0.1,126,,2026-07-31,https://manzilfunds.com/
MNZL,TXN,Texas Instruments Inc,882508104,0.86,774,,2026-07-31,https://manzilfunds.com/
MNZL,TYL,Tyler Technologies Inc,902252105,0.06,48,,2026-07-31,https://manzilfunds.com/
MNZL,UAL,United Airlines Holdings Inc,910047109,0.13,259,,2026-07-31,https://manzilfunds.com/
MNZL,UBER,Uber Technologies Inc,90353T100,0.49,1728,,2026-07-31,https://manzilfunds.com/
MNZL,UHS,Universal Health Services Inc,913903100,0.03,43,,2026-07-31,https://manzilfunds.com/
MNZL,UI,Ubiquiti Inc,90353W103,0,1,,2026-07-31,https://manzilfunds.com/
MNZL,ULS,UL Solutions Inc,903731107,0.02,56,,2026-07-31,https://manzilfunds.com/
MNZL,ULTA,ULTA BEAUTY INC,90384S303,0.07,32,,2026-07-31,https://manzilfunds.com/
MNZL,UNP,Union Pacific Corp,907818108,0.6,511,,2026-07-31,https://manzilfunds.com/
MNZL,UPS,United Parcel Service Inc,911312106,0.27,630,,2026-07-31,https://manzilfunds.com/
MNZL,URI,United Rentals Inc,911363109,0.23,53,,2026-07-31,https://manzilfunds.com/
MNZL,UTHR,United Therapeutics Corp,91307C102,0.08,36,,2026-07-31,https://manzilfunds.com/
MNZL,VIAV,Viavi Solutions Inc,925550105,0.02,156,,2026-07-31,https://manzilfunds.com/
MNZL,VICR,Vicor Corp,925815102,0.01,16,,2026-07-31,https://manzilfunds.com/
MNZL,VIK,Viking Holdings Ltd,G93A5A101,0.06,131,,2026-07-31,https://manzilfunds.com/
MNZL,VLTO,Veralto Corp,92338C103,0.08,210,,2026-07-31,https://manzilfunds.com/
MNZL,VMC,Vulcan Materials Co,929160109,0.11,105,,2026-07-31,https://manzilfunds.com/
MNZL,VMI,Valmont Industries Inc,920253101,0.03,18,,2026-07-31,https://manzilfunds.com/
MNZL,VRSN,VeriSign Inc,92343E102,0.07,64,,2026-07-31,https://manzilfunds.com/
MNZL,VRT,Vertiv Holdings Co,92537N108,0.31,336,,2026-07-31,https://manzilfunds.com/
MNZL,VRTX,Vertex Pharmaceuticals Inc,92532F100,0.42,216,,2026-07-31,https://manzilfunds.com/
MNZL,WAB,Westinghouse Air Brake Technologies Corp,929740108,0.18,152,,2026-07-31,https://manzilfunds.com/
MNZL,WAT,Waters Corp,941848103,0.13,85,,2026-07-31,https://manzilfunds.com/
MNZL,WDAY,Workday Inc,98138H101,0.11,171,,2026-07-31,https://manzilfunds.com/
MNZL,WDC,Western Digital Corp,958102105,0.61,283,,2026-07-31,https://manzilfunds.com/
MNZL,WELL,Welltower Inc,95040Q104,0.58,607,,2026-07-31,https://manzilfunds.com/
MNZL,WFRD,Weatherford International PLC,G48833118,0.02,47,,2026-07-31,https://manzilfunds.com/
MNZL,WING,Wingstop Inc,974155103,0.01,16,,2026-07-31,https://manzilfunds.com/
MNZL,WLK,Westlake Corp,960413102,0,6,,2026-07-31,https://manzilfunds.com/
MNZL,WM,Waste Management Inc,94106L109,0.31,336,,2026-07-31,https://manzilfunds.com/
MNZL,WMS,Advanced Drainage Systems Inc,00790R104,0.03,47,,2026-07-31,https://manzilfunds.com/
MNZL,WSM,Williams-Sonoma Inc,969904101,0.09,101,,2026-07-31,https://manzilfunds.com/
MNZL,WSO,Watsco Inc,942622200,0.04,31,,2026-07-31,https://manzilfunds.com/
MNZL,WST,West Pharmaceutical Services Inc,955306105,0.07,54,,2026-07-31,https://manzilfunds.com/
MNZL,WTS,Watts Water Technologies Inc,942749102,0.02,18,,2026-07-31,https://manzilfunds.com/
MNZL,WY,Weyerhaeuser Co,962166104,0.06,588,,2026-07-31,https://manzilfunds.com/
MNZL,XPO,XPO Inc,983793100,0.09,110,,2026-07-31,https://manzilfunds.com/
MNZL,XYL,Xylem Inc/NY,98419M100,0.1,210,,2026-07-31,https://manzilfunds.com/
MNZL,YETI,YETI Holdings Inc,98585X104,0.02,84,,2026-07-31,https://manzilfunds.com/
MNZL,ZBH,ZIMMER BIOMET HOLDINGS INC,98956P102,0.06,169,,2026-07-31,https://manzilfunds.com/
MNZL,ZBRA,Zebra Technologies Corp,989207105,0.05,43,,2026-07-31,https://manzilfunds.com/
MNZL,ZM,Zoom Communications Inc,98980L101,0.07,201,,2026-07-31,https://manzilfunds.com/
MNZL,ZS,Zscaler Inc,98980G102,0.05,84,,2026-07-31,https://manzilfunds.com/
SPUS,A,Agilent Technologies Inc,00846U101,0.13,24462,4215047.22,2026-10-01,https://www.sp-funds.com/wp-content/uploads/data/TidalFG_Holdings_SPUS.csv
SPUS,AAPL,Apple Inc,037833100,12.44,1226303,408383425.06,2026-10-01,https://www.sp-funds.com/wp-content/uploads/data/TidalFG_Holdings_SPUS.csv
SPUS,ABBV,AbbVie Inc,00287Y109,1.19,149035,38986065.65,2026-10-01,https://www.sp-funds.com/wp-content/uploads/data/TidalFG_Holdings_SPUS.csv
SPUS,ABT,Abbott Laboratories,002824100,0.44,145932,14422459.56,2026-10-01,https://www.sp-funds.com/wp-content/uploads/data/TidalFG_Holdings_SPUS.csv
SPUS,ACN,Accenture PLC,G1151C101,0.29,51410,9427051.7,2026-10-01,https://www.sp-funds.com/wp-content/uploads/data/TidalFG_Holdings_SPUS.csv
SPUS,ADBE,Adobe Inc,00724F101,0.25,33833,8117890.02,2026-10-01,https://www.sp-funds.com/wp-content/uploads/data/TidalFG_Holdings_SPUS.csv
SPUS,ADI,Analog Devices Inc,032654105,0.49,40650,16126261.5,2026-10-01,https://www.sp-funds.com/wp-content/uploads/data/TidalFG_Holdings_SPUS.csv
SPUS,ADM,Archer-Daniels-Midland Co,039483102,0.10,40707,3231321.66,2026-10-01,https://www.sp-funds.com/wp-content/uploads/data/TidalFG_Holdings_SPUS.csv
SPUS,ADSK,Autodesk Inc,052769106,0.12,18104,3783736.0,2026-10-01,https://www.sp-funds.com/wp-content/uploads/data/TidalFG_Holdings_SPUS.csv
SPUS,ALB,Albemarle Corp,012653101,0.03,9583,1013689.74,2026-10-01,https://www.sp-funds.com/wp-content/uploads/data/TidalFG_Holdings_SPUS.csv
SPUS,ALGN,Align Technology Inc,016255101,0.02,5272,766285.2,2026-10-01,https://www.sp-funds.com/wp-content/uploads/data/TidalFG_Holdings_SPUS.csv
SPUS,ALLE,Allegion plc,G0176J109,0.03,7066,1086538.82,2026-10-01,https://www.sp-funds.com/wp-content/uploads/data/TidalFG_Holdings_SPUS.csv
SPUS,AMAT,Applied Materials Inc,038222105,1.04,66884,34203139.92,2026-10-01,https://www.sp-funds.com/wp-content/uploads/data/TidalFG_Holdings_SPUS.csv
SPUS,AMD,Advanced Micro Devices Inc,007903107,2.56,137169,83914507.44,2026-10-01,https://www.sp-funds.com/wp-content/uploads/data/TidalFG_Holdings_SPUS.csv
SPUS,ANET,Arista Networks Inc,040413205,0.54,86496,17609720.64,2026-10-01,https://www.sp-funds.com/wp-content/uploads/data/TidalFG_Holdings_SPUS.csv
SPUS,AOS,A O Smith Corp,831865209,0.02,9340,526495.8,2026-10-01,https://www.sp-funds.com/wp-content/uploads/data/TidalFG_Holdings_SPUS.csv
SPUS,APD,Air Products and Chemicals Inc,009158106,0.16,18545,5126208.9,2026-10-01,https://www.sp-funds.com/wp-content/uploads/data/TidalFG_Holdings_SPUS.csv
SPUS,AVGO,Broadcom Inc,11135F101,4.28,399767,140394172.73,2026-10-01,https://www.sp-funds.com/wp-content/uploads/data/TidalFG_Holdings_SPUS.csv
SPUS,AVY,Avery Dennison Corp,053611109,0.03,6692,1142123.64,2026-10-01,https://www.sp-funds.com/wp-content/uploads/data/TidalFG_Holdings_SPUS.csv
SPUS,AZO,AutoZone Inc,053332102,0.10,1148,3248862.96,2026-10-01,https://www.sp-funds.com/wp-content/uploads/data/TidalFG_Holdings_SPUS.csv
SPUS,BBY,Best Buy Co Inc,086516101,0.04,16115,1421987.6,2026-10-01,https://www.sp-funds.com/wp-content/uploads/data/TidalFG_Holdings_SPUS.csv
SPUS,BDX,Becton Dickinson & Co,075887109,0.13,24534,4391586.0,2026-10-01,https://www.sp-funds.com/wp-content/uploads/data/TidalFG_Holdings_SPUS.csv
SPUS,BE,Bloom Energy Corp,093712107,0.21,24741,6852762.18,2026-10-01,https://www.sp-funds.com/wp-content/uploads/data/TidalFG_Holdings_SPUS.csv
SPUS,BIIB,Biogen Inc,09062X103,0.08,11974,2704687.12,2026-10-01,https://www.sp-funds.com/wp-content/uploads/data/TidalFG_Holdings_SPUS.csv
SPUS,BKNG,Booking Holdings Inc,09857L108,0.32,64884,10570252.44,2026-10-01,https://www.sp-funds.com/wp-content/uploads/data/TidalFG_Holdings_SPUS.csv
SPUS,BSX,Boston Scientific Corp,101137107,0.17,126881,5538355.65,2026-10-01,https://www.sp-funds.com/wp-content/uploads/data/TidalFG_Holdings_SPUS.csv
SPUS,CAH,Cardinal Health Inc,14149Y108,0.14,20272,4500063.7,2026-10-01,https://www.sp-funds.com/wp-content/uploads/data/TidalFG_Holdings_SPUS.csv
SPUS,CARR,Carrier Global Corp,14448C104,0.11,68609,3763889.74,2026-10-01,https://www.sp-funds.com/wp-content/uploads/data/TidalFG_Holdings_SPUS.csv
SPUS,CDNS,Cadence Design Systems Inc,127387108,0.23,22931,7571472.24,2026-10-01,https://www.sp-funds.com/wp-content/uploads/data/TidalFG_Holdings_SPUS.csv
SPUS,CDW,CDW Corp/DE,12514G108,0.04,11219,1437827.04,2026-10-01,https://www.sp-funds.com/wp-content/uploads/data/TidalFG_Holdings_SPUS.csv
SPUS,CEG,Constellation Energy Corp,21037T109,0.21,26800,6807736.0,2026-10-01,https://www.sp-funds.com/wp-content/uploads/data/TidalFG_Holdings_SPUS.csv
SPUS,CF,CF Industries Holdings Inc,125269100,0.05,13652,1572710.4,2026-10-01,https://www.sp-funds.com/wp-content/uploads/data/TidalFG_Holdings_SPUS.csv
SPUS,CHD,Church & Dwight Co Inc,171340102,0.06,20642,1944889.24,2026-10-01,https://www.sp-funds.com/wp-content/uploads/data/TidalFG_Holdings_SPUS.csv
SPUS,CHRW,CH Robinson Worldwide Inc,12541W209,0.04,9643,1426778.28,2026-10-01,https://www.sp-funds.com/wp-content/uploads/data/TidalFG_Holdings_SPUS.csv
SPUS,CIEN,Ciena Corp,171779309,0.13,11830,4162030.6,2026-10-01,https://www.sp-funds.com/wp-content/uploads/data/TidalFG_Holdings_SPUS.csv
SPUS,CL,Colgate-Palmolive Co,194162103,0.18,69282,5911140.24,2026-10-01,https://www.sp-funds.com/wp-content/uploads/data/TidalFG_Holdings_SPUS.csv
SPUS,CMI,Cummins Inc,231021106,0.18,11507,5944170.99,2026-10-01,https://www.sp-funds.com/wp-content/uploads/data/TidalFG_Holdings_SPUS.csv
SPUS,COHR,Coherent Corp,19247G107,0.14,15928,4584237.68,2026-10-01,https://www.sp-funds.com/wp-content/uploads/data/TidalFG_Holdings_SPUS.csv
SPUS,COO,Cooper Cos Inc/The,216648501,0.03,16481,931670.93,2026-10-01,https://www.sp-funds.com/wp-content/uploads/data/TidalFG_Holdings_SPUS.csv
SPUS,COP,ConocoPhillips,20825C104,0.39,102054,12772058.1,2026-10-01,https://www.sp-funds.com/wp-content/uploads/data/TidalFG_Holdings_SPUS.csv
SPUS,COR,Cencora Inc,03073E105,0.15,16331,4903382.75,2026-10-01,https://www.sp-funds.com/wp-content/uploads/data/TidalFG_Holdings_SPUS.csv
SPUS,CPRT,Copart Inc,217204106,0.06,75525,2060322.0,2026-10-01,https://www.sp-funds.com/wp-content/uploads/data/TidalFG_Holdings_SPUS.csv
SPUS,CRH,CRH PLC,G25508105,0.14,56346,4665448.8,2026-10-01,https://www.sp-funds.com/wp-content/uploads/data/TidalFG_Holdings_SPUS.csv
SPUS,CRL,Charles River Laboratories International Inc,159864107,0.03,3376,995953.76,2026-10-01,https://www.sp-funds.com/wp-content/uploads/data/TidalFG_Holdings_SPUS.csv
SPUS,CRM,Salesforce Inc,79466L302,0.48,68059,15624304.63,2026-10-01,https://www.sp-funds.com/wp-content/uploads/data/TidalFG_Holdings_SPUS.csv
SPUS,CRWD,Crowdstrike Holdings Inc,22788C105,0.69,85002,22504279.5,2026-10-01,https://www.sp-funds.com/wp-content/uploads/data/TidalFG_Holdings_SPUS.csv
SPUS,CSCO,Cisco Systems Inc,17275R102,1.09,333693,35915377.59,2026-10-01,https://www.sp-funds.com/wp-content/uploads/data/TidalFG_Holdings_SPUS.csv
SPUS,CSGP,CoStar Group Inc,22160N109,0.03,35704,978289.6,2026-10-01,https://www.sp-funds.com/wp-content/uploads/data/TidalFG_Holdings_SPUS.csv
SPUS,CSX,CSX Corp,126408103,0.23,161637,7517736.87,2026-10-01,https://www.sp-funds.com/wp-content/uploads/data/TidalFG_Holdings_SPUS.csv
SPUS,CTAS,Cintas Corp,172908105,0.17,29208,5697312.48,2026-10-01,https://www.sp-funds.com/wp-content/uploads/data/TidalFG_Holdings_SPUS.csv
SPUS,CTSH,Cognizant Technology Solutions Corp,192446102,0.07,42248,2426725.12,2026-10-01,https://www.sp-funds.com/wp-content/uploads/data/TidalFG_Holdings_SPUS.csv
SPUS,CTVA,Corteva Inc,22052L104,0.14,58223,4521015.95,2026-10-01,https://www.sp-funds.com/wp-content/uploads/data/TidalFG_Holdings_SPUS.csv
SPUS,DASH,DoorDash Inc,25809K105,0.18,31879,5851390.45,2026-10-01,https://www.sp-funds.com/wp-content/uploads/data/TidalFG_Holdings_SPUS.csv
SPUS,DD,DuPont de Nemours Inc,26614N201,0.05,11844,1538460.46,2026-10-01,https://www.sp-funds.com/wp-content/uploads/data/TidalFG_Holdings_SPUS.csv
SPUS,DECK,Deckers Outdoor Corp,243537107,0.03,12186,952214.04,2026-10-01,https://www.sp-funds.com/wp-content/uploads/data/TidalFG_Holdings_SPUS.csv
SPUS,DHI,DR Horton Inc,23331A109,0.10,23073,3152925.45,2026-10-01,https://www.sp-funds.com/wp-content/uploads/data/TidalFG_Holdings_SPUS.csv
SPUS,DHR,Danaher Corp,235851102,0.36,54085,11982531.75,2026-10-01,https://www.sp-funds.com/wp-content/uploads/data/TidalFG_Holdings_SPUS.csv
SPUS,DOV,Dover Corp,260003108,0.07,11485,2148269.25,2026-10-01,https://www.sp-funds.com/wp-content/uploads/data/TidalFG_Holdings_SPUS.csv
SPUS,DXCM,Dexcom Inc,252131107,0.09,33516,2892095.64,2026-10-01,https://www.sp-funds.com/wp-content/uploads/data/TidalFG_Holdings_SPUS.csv
SPUS,EBAY,eBay Inc,278642103,0.11,33645,3568052.25,2026-10-01,https://www.sp-funds.com/wp-content/uploads/data/TidalFG_Holdings_SPUS.csv
SPUS,ECL,Ecolab Inc,278865100,0.18,22072,6060529.76,2026-10-01,https://www.sp-funds.com/wp-content/uploads/data/TidalFG_Holdings_SPUS.csv
SPUS,EFX,Equifax Inc,294429105,0.04,9921,1361558.04,2026-10-01,https://www.sp-funds.com/wp-content/uploads/data/TidalFG_Holdings_SPUS.csv
SPUS,EL,Estee Lauder Cos Inc/The,518439104,0.06,20075,1862357.75,2026-10-01,https://www.sp-funds.com/wp-content/uploads/data/TidalFG_Holdings_SPUS.csv
SPUS,EMR,Emerson Electric Co,291011104,0.23,48540,7528554.0,2026-10-01,https://www.sp-funds.com/wp-content/uploads/data/TidalFG_Holdings_SPUS.csv
SPUS,EOG,EOG Resources Inc,26875P101,0.19,44606,6144922.56,2026-10-01,https://www.sp-funds.com/wp-content/uploads/data/TidalFG_Holdings_SPUS.csv
SPUS,EQIX,Equinix Inc,29444U700,0.24,7911,8002609.38,2026-10-01,https://www.sp-funds.com/wp-content/uploads/data/TidalFG_Holdings_SPUS.csv
SPUS,EW,Edwards Lifesciences Corp,28176E108,0.13,49717,4291571.44,2026-10-01,https://www.sp-funds.com/wp-content/uploads/data/TidalFG_Holdings_SPUS.csv
SPUS,EXPD,Expeditors International of Washington Inc,302130109,0.06,11469,2117636.16,2026-10-01,https://www.sp-funds.com/wp-content/uploads/data/TidalFG_Holdings_SPUS.csv
SPUS,EXPE,Expedia Group Inc,30212P303,0.08,9721,2560122.56,2026-10-01,https://www.sp-funds.com/wp-content/uploads/data/TidalFG_Holdings_SPUS.csv
SPUS,FANG,Diamondback Energy Inc,25278X109,0.09,16227,2982684.87,2026-10-01,https://www.sp-funds.com/wp-content/uploads/data/TidalFG_Holdings_SPUS.csv
SPUS,FAST,Fastenal Co,311900104,0.15,98187,4863202.11,2026-10-01,https://www.sp-funds.com/wp-content/uploads/data/TidalFG_Holdings_SPUS.csv
SPUS,FCX,Freeport-McMoRan Inc,35671D857,0.26,123783,8664810.0,2026-10-01,https://www.sp-funds.com/wp-content/uploads/data/TidalFG_Holdings_SPUS.csv
SPUS,FDXF,Fedex Freight Holding Co Inc,314352105,0.03,9045,989342.1,2026-10-01,https://www.sp-funds.com/wp-content/uploads/data/TidalFG_Holdings_SPUS.csv
SPUS,FERG,Ferguson Enterprises Inc,31488V107,0.11,16213,3609338.06,2026-10-01,https://www.sp-funds.com/wp-content/uploads/data/TidalFG_Holdings_SPUS.csv
SPUS,FFIV,F5 Inc,315616102,0.06,4714,2098578.52,2026-10-01,https://www.sp-funds.com/wp-content/uploads/data/TidalFG_Holdings_SPUS.csv
SPUS,FICO,Fair Isaac Corp,303250104,0.03,1404,831827.88,2026-10-01,https://www.sp-funds.com/wp-content/uploads/data/TidalFG_Holdings_SPUS.csv
SPUS,FIX,Comfort Systems USA Inc,199908104,0.14,2765,4573558.85,2026-10-01,https://www.sp-funds.com/wp-content/uploads/data/TidalFG_Holdings_SPUS.csv
SPUS,FLEX,Flex Ltd,Y2573F102,0.10,30470,3351395.3,2026-10-01,https://www.sp-funds.com/wp-content/uploads/data/TidalFG_Holdings_SPUS.csv
SPUS,FSLR,First Solar Inc,336433107,0.05,9065,1587825.4,2026-10-01,https://www.sp-funds.com/wp-content/uploads/data/TidalFG_Holdings_SPUS.csv
SPUS,FTNT,Fortinet Inc,34959E109,0.29,54015,9655721.4,2026-10-01,https://www.sp-funds.com/wp-content/uploads/data/TidalFG_Holdings_SPUS.csv
SPUS,GDDY,GoDaddy Inc,380237107,0.03,11741,1121382.91,2026-10-01,https://www.sp-funds.com/wp-content/uploads/data/TidalFG_Holdings_SPUS.csv
SPUS,GEHC,GE HealthCare Technologies Inc,36266G107,0.08,38652,2526681.24,2026-10-01,https://www.sp-funds.com/wp-content/uploads/data/TidalFG_Holdings_SPUS.csv
SPUS,GEV,GE Vernova Inc,36828A101,0.65,22389,21280520.61,2026-10-01,https://www.sp-funds.com/wp-content/uploads/data/TidalFG_Holdings_SPUS.csv
SPUS,GILD,Gilead Sciences Inc,375558103,0.47,104017,15503733.85,2026-10-01,https://www.sp-funds.com/wp-content/uploads/data/TidalFG_Holdings_SPUS.csv
SPUS,GLW,Corning Inc,219350105,0.31,66399,10209510.24,2026-10-01,https://www.sp-funds.com/wp-content/uploads/data/TidalFG_Holdings_SPUS.csv
SPUS,GNRC,Generac Holdings Inc,368736104,0.03,4792,991704.4,2026-10-01,https://www.sp-funds.com/wp-content/uploads/data/TidalFG_Holdings_SPUS.csv
SPUS,GOOGL,Alphabet Inc,02079K305,5.15,491250,169029300.0,2026-10-01,https://www.sp-funds.com/wp-content/uploads/data/TidalFG_Holdings_SPUS.csv
SPUS,GPC,Genuine Parts Co,372460105,0.04,11565,1454183.1,2026-10-01,https://www.sp-funds.com/wp-content/uploads/data/TidalFG_Holdings_SPUS.csv
SPUS,GRMN,Garmin Ltd,H2906T109,0.12,13849,3972447.16,2026-10-01,https://www.sp-funds.com/wp-content/uploads/data/TidalFG_Holdings_SPUS.csv
SPUS,GWW,WW Grainger Inc,384802104,0.13,3297,4107270.72,2026-10-01,https://www.sp-funds.com/wp-content/uploads/data/TidalFG_Holdings_SPUS.csv
SPUS,HAL,Halliburton Co,406216101,0.07,73559,2339176.2,2026-10-01,https://www.sp-funds.com/wp-content/uploads/data/TidalFG_Holdings_SPUS.csv
SPUS,HD,Home Depot Inc/The,437076102,0.73,84055,23912806.95,2026-10-01,https://www.sp-funds.com/wp-content/uploads/data/TidalFG_Holdings_SPUS.csv
SPUS,HSY,Hershey Co/The,427866108,0.06,12044,1898254.84,2026-10-01,https://www.sp-funds.com/wp-content/uploads/data/TidalFG_Holdings_SPUS.csv
SPUS,HUBB,Hubbell Inc,443510607,0.06,4521,2050725.6,2026-10-01,https://www.sp-funds.com/wp-content/uploads/data/TidalFG_Holdings_SPUS.csv
SPUS,IBM,International Business Machines Corp,459200101,0.53,78650,17297494.5,2026-10-01,https://www.sp-funds.com/wp-content/uploads/data/TidalFG_Holdings_SPUS.csv
SPUS,IDXX,IDEXX Laboratories Inc,45168D104,0.11,6798,3549847.62,2026-10-01,https://www.sp-funds.com/wp-content/uploads/data/TidalFG_Holdings_SPUS.csv
SPUS,IEX,IDEX Corp,45167R104,0.04,5624,1282159.52,2026-10-01,https://www.sp-funds.com/wp-content/uploads/data/TidalFG_Holdings_SPUS.csv
SPUS,ILMN,Illumina Inc,452327109,0.11,12662,3465336.16,2026-10-01,https://www.sp-funds.com/wp-content/uploads/data/TidalFG_Holdings_SPUS.csv
SPUS,INCY,Incyte Corp,45337C102,0.05,13588,1648903.8,2026-10-01,https://www.sp-funds.com/wp-content/uploads/data/TidalFG_Holdings_SPUS.csv
SPUS,IR,Ingersoll Rand Inc,45687V106,0.07,31055,2332541.05,2026-10-01,https://www.sp-funds.com/wp-content/uploads/data/TidalFG_Holdings_SPUS.csv
SPUS,ISRG,Intuitive Surgical Inc,46120E602,0.37,30063,12224517.69,2026-10-01,https://www.sp-funds.com/wp-content/uploads/data/TidalFG_Holdings_SPUS.csv
SPUS,IT,Gartner Inc,366651107,0.04,6634,1237506.36,2026-10-01,https://www.sp-funds.com/wp-content/uploads/data/TidalFG_Holdings_SPUS.csv
SPUS,ITW,Illinois Tool Works Inc,452308109,0.18,22601,5814785.28,2026-10-01,https://www.sp-funds.com/wp-content/uploads/data/TidalFG_Holdings_SPUS.csv
SPUS,JBHT,JB Hunt Transport Services Inc,445658107,0.05,6700,1501135.0,2026-10-01,https://www.sp-funds.com/wp-content/uploads/data/TidalFG_Holdings_SPUS.csv
SPUS,JBL,Jabil Inc,466313103,0.08,9070,2601820.2,2026-10-01,https://www.sp-funds.com/wp-content/uploads/data/TidalFG_Holdings_SPUS.csv
SPUS,JCI,Johnson Controls International plc,G51502105,0.24,52201,7759678.65,2026-10-01,https://www.sp-funds.com/wp-content/uploads/data/TidalFG_Holdings_SPUS.csv
SPUS,JNJ,Johnson & Johnson,478160104,1.63,201660,53387468.4,2026-10-01,https://www.sp-funds.com/wp-content/uploads/data/TidalFG_Holdings_SPUS.csv
SPUS,KLAC,KLA CORP,482480100,0.65,108959,21239377.87,2026-10-01,https://www.sp-funds.com/wp-content/uploads/data/TidalFG_Holdings_SPUS.csv
SPUS,KMB,Kimberly-Clark Corp,494368103,0.08,27724,2701149.32,2026-10-01,https://www.sp-funds.com/wp-content/uploads/data/TidalFG_Holdings_SPUS.csv
SPUS,KVUE,Kenvue Inc,49177J102,0.09,165587,2924266.42,2026-10-01,https://www.sp-funds.com/wp-content/uploads/data/TidalFG_Holdings_SPUS.csv
SPUS,LH,Labcorp Holdings Inc,504922105,0.07,6954,2142596.94,2026-10-01,https://www.sp-funds.com/wp-content/uploads/data/TidalFG_Holdings_SPUS.csv
SPUS,LII,Lennox International Inc,526107107,0.03,2510,891100.2,2026-10-01,https://www.sp-funds.com/wp-content/uploads/data/TidalFG_Holdings_SPUS.csv
SPUS,LIN,Linde PLC,G54950103,0.56,38485,18266905.25,2026-10-01,https://www.sp-funds.com/wp-content/uploads/data/TidalFG_Holdings_SPUS.csv
SPUS,LITE,Lumentum Holdings Inc,55024U109,0.22,7432,7218404.32,2026-10-01,https://www.sp-funds.com/wp-content/uploads/data/TidalFG_Holdings_SPUS.csv
SPUS,LLY,Eli Lilly & Co,532457108,2.37,67219,77777760.52,2026-10-01,https://www.sp-funds.com/wp-content/uploads/data/TidalFG_Holdings_SPUS.csv
SPUS,LOW,Lowe's Cos Inc,548661107,0.27,47450,8744560.5,2026-10-01,https://www.sp-funds.com/wp-content/uploads/data/TidalFG_Holdings_SPUS.csv
SPUS,LRCX,Lam Research Corp,512807306,1.05,105172,34550053.72,2026-10-01,https://www.sp-funds.com/wp-content/uploads/data/TidalFG_Holdings_SPUS.csv
SPUS,LULU,Lululemon Athletica Inc,550021109,0.03,9222,887064.18,2026-10-01,https://www.sp-funds.com/wp-content/uploads/data/TidalFG_Holdings_SPUS.csv
SPUS,MAS,Masco Corp,574599106,0.04,17962,1210638.8,2026-10-01,https://www.sp-funds.com/wp-content/uploads/data/TidalFG_Holdings_SPUS.csv
SPUS,MCHP,Microchip Technology Inc,595017104,0.11,46402,3608683.54,2026-10-01,https://www.sp-funds.com/wp-content/uploads/data/TidalFG_Holdings_SPUS.csv
SPUS,MCK,McKesson Corp,58155Q103,0.26,10104,8626896.24,2026-10-01,https://www.sp-funds.com/wp-content/uploads/data/TidalFG_Holdings_SPUS.csv
SPUS,MDLZ,Mondelez International Inc,609207105,0.20,111116,6424727.12,2026-10-01,https://www.sp-funds.com/wp-content/uploads/data/TidalFG_Holdings_SPUS.csv
SPUS,MDT,Medtronic PLC,G5960L103,0.29,110519,9536684.51,2026-10-01,https://www.sp-funds.com/wp-content/uploads/data/TidalFG_Holdings_SPUS.csv
SPUS,MKC,McCormick & Co Inc/MD,579780206,0.03,20987,973796.8,2026-10-01,https://www.sp-funds.com/wp-content/uploads/data/TidalFG_Holdings_SPUS.csv
SPUS,MLM,Martin Marietta Materials Inc,573284106,0.07,4849,2326598.69,2026-10-01,https://www.sp-funds.com/wp-content/uploads/data/TidalFG_Holdings_SPUS.csv
SPUS,MMM,3M Co,88579Y101,0.22,43621,7160387.15,2026-10-01,https://www.sp-funds.com/wp-content/uploads/data/TidalFG_Holdings_SPUS.csv
SPUS,MNST,Monster Beverage Corp,61174X109,0.15,120328,5008051.36,2026-10-01,https://www.sp-funds.com/wp-content/uploads/data/TidalFG_Holdings_SPUS.csv
SPUS,MPWR,Monolithic Power Systems Inc,609839105,0.17,4029,5427949.38,2026-10-01,https://www.sp-funds.com/wp-content/uploads/data/TidalFG_Holdings_SPUS.csv
SPUS,MRK,Merck & Co Inc,58933Y105,0.92,206867,30059843.77,2026-10-01,https://www.sp-funds.com/wp-content/uploads/data/TidalFG_Holdings_SPUS.csv
SPUS,MRVL,MARVELL TECHNOLOGY INC,573874104,0.59,73061,19303446.81,2026-10-01,https://www.sp-funds.com/wp-content/uploads/data/TidalFG_Holdings_SPUS.csv
SPUS,MSFT,Microsoft Corp,594918104,9.75,623931,320014209.9,2026-10-01,https://www.sp-funds.com/wp-content/uploads/data/TidalFG_Holdings_SPUS.csv
SPUS,MTD,Mettler-Toledo International Inc,592688105,0.06,1215,1835804.25,2026-10-01,https://www.sp-funds.com/wp-content/uploads/data/TidalFG_Holdings_SPUS.csv
SPUS,MU,Micron Technology Inc,595112103,3.08,94901,101080004.11,2026-10-01,https://www.sp-funds.com/wp-content/uploads/data/TidalFG_Holdings_SPUS.csv
SPUS,NDSN,Nordson Corp,655663102,0.05,4554,1493028.9,2026-10-01,https://www.sp-funds.com/wp-content/uploads/data/TidalFG_Holdings_SPUS.csv
SPUS,NEM,Newmont Corp,651639106,0.31,89396,10310934.64,2026-10-01,https://www.sp-funds.com/wp-content/uploads/data/TidalFG_Holdings_SPUS.csv
SPUS,NKE,NIKE Inc,654106103,0.11,101638,3597985.2,2026-10-01,https://www.sp-funds.com/wp-content/uploads/data/TidalFG_Holdings_SPUS.csv
SPUS,NOW,ServiceNow Inc,81762P102,0.36,88856,11907592.56,2026-10-01,https://www.sp-funds.com/wp-content/uploads/data/TidalFG_Holdings_SPUS.csv
SPUS,NSC,Norfolk Southern Corp,655844108,0.18,18701,5778609.0,2026-10-01,https://www.sp-funds.com/wp-content/uploads/data/TidalFG_Holdings_SPUS.csv
SPUS,NTAP,NetApp Inc,64110D104,0.11,16662,3500352.96,2026-10-01,https://www.sp-funds.com/wp-content/uploads/data/TidalFG_Holdings_SPUS.csv
SPUS,NUE,Nucor Corp,670346105,0.14,19895,4650456.25,2026-10-01,https://www.sp-funds.com/wp-content/uploads/data/TidalFG_Holdings_SPUS.csv
SPUS,NVDA,NVIDIA Corp,67066G104,14.14,2033474,464404792.12,2026-10-01,https://www.sp-funds.com/wp-content/uploads/data/TidalFG_Holdings_SPUS.csv
SPUS,NXPI,NXP Semiconductors NV,N6596X109,0.15,20985,4984567.05,2026-10-01,https://www.sp-funds.com/wp-content/uploads/data/TidalFG_Holdings_SPUS.csv
SPUS,ODFL,Old Dominion Freight Line Inc,679580100,0.08,15783,2743716.72,2026-10-01,https://www.sp-funds.com/wp-content/uploads/data/TidalFG_Holdings_SPUS.csv
SPUS,ON,ON Semiconductor Corp,682189105,0.08,35714,2745335.18,2026-10-01,https://www.sp-funds.com/wp-content/uploads/data/TidalFG_Holdings_SPUS.csv
SPUS,ORCL,Oracle Corp,68389X105,0.59,141627,19445387.1,2026-10-01,https://www.sp-funds.com/wp-content/uploads/data/TidalFG_Holdings_SPUS.csv
SPUS,ORLY,O'Reilly Automotive Inc,67103H107,0.18,69401,5927539.41,2026-10-01,https://www.sp-funds.com/wp-content/uploads/data/TidalFG_Holdings_SPUS.csv
SPUS,OTIS,Otis Worldwide Corp,68902V107,0.07,33638,2163596.16,2026-10-01,https://www.sp-funds.com/wp-content/uploads/data/TidalFG_Holdings_SPUS.csv
SPUS,OXY,Occidental Petroleum Corp,674599105,0.10,60781,3362404.92,2026-10-01,https://www.sp-funds.com/wp-content/uploads/data/TidalFG_Holdings_SPUS.csv
SPUS,P,Everpure Inc,74624M102,0.11,27909,3649939.02,2026-10-01,https://www.sp-funds.com/wp-content/uploads/data/TidalFG_Holdings_SPUS.csv
SPUS,PANW,Palo Alto Networks Inc,697435105,0.82,67881,26969800.11,2026-10-01,https://www.sp-funds.com/wp-content/uploads/data/TidalFG_Holdings_SPUS.csv
SPUS,PEP,PepsiCo Inc,713448108,0.44,114431,14500696.32,2026-10-01,https://www.sp-funds.com/wp-content/uploads/data/TidalFG_Holdings_SPUS.csv
SPUS,PG,Procter & Gamble Co/The,742718109,0.87,196360,28527180.8,2026-10-01,https://www.sp-funds.com/wp-content/uploads/data/TidalFG_Holdings_SPUS.csv
SPUS,PHM,PulteGroup Inc,745867101,0.06,16483,1913016.98,2026-10-01,https://www.sp-funds.com/wp-content/uploads/data/TidalFG_Holdings_SPUS.csv
SPUS,PKG,Packaging Corp of America,695156109,0.05,7235,1658696.1,2026-10-01,https://www.sp-funds.com/wp-content/uploads/data/TidalFG_Holdings_SPUS.csv
SPUS,PNR,Pentair PLC,G7S00T104,0.02,13781,730255.19,2026-10-01,https://www.sp-funds.com/wp-content/uploads/data/TidalFG_Holdings_SPUS.csv
SPUS,PODD,Insulet Corp,45784P101,0.02,5379,701798.13,2026-10-01,https://www.sp-funds.com/wp-content/uploads/data/TidalFG_Holdings_SPUS.csv
SPUS,PPG,PPG Industries Inc,693506107,0.06,18775,1958795.75,2026-10-01,https://www.sp-funds.com/wp-content/uploads/data/TidalFG_Holdings_SPUS.csv
SPUS,PTC,PTC Inc,69370C100,0.04,9701,1361050.3,2026-10-01,https://www.sp-funds.com/wp-content/uploads/data/TidalFG_Holdings_SPUS.csv
SPUS,PWR,Quanta Services Inc,74762E102,0.24,12322,7915652.8,2026-10-01,https://www.sp-funds.com/wp-content/uploads/data/TidalFG_Holdings_SPUS.csv
SPUS,Q,Qnity Electronics Inc,74743L100,0.07,17249,2168889.26,2026-10-01,https://www.sp-funds.com/wp-content/uploads/data/TidalFG_Holdings_SPUS.csv
SPUS,QCOM,QUALCOMM Inc,747525103,0.49,87776,16154295.04,2026-10-01,https://www.sp-funds.com/wp-content/uploads/data/TidalFG_Holdings_SPUS.csv
SPUS,RDDT,Reddit Inc,75734B100,0.05,10805,1539064.2,2026-10-01,https://www.sp-funds.com/wp-content/uploads/data/TidalFG_Holdings_SPUS.csv
SPUS,REGN,Regeneron Pharmaceuticals Inc,75886F107,0.19,8060,6111656.2,2026-10-01,https://www.sp-funds.com/wp-content/uploads/data/TidalFG_Holdings_SPUS.csv
SPUS,RL,Ralph Lauren Corp,751212101,0.03,2901,1030058.07,2026-10-01,https://www.sp-funds.com/wp-content/uploads/data/TidalFG_Holdings_SPUS.csv
SPUS,RMD,ResMed Inc,761152107,0.08,11979,2648556.9,2026-10-01,https://www.sp-funds.com/wp-content/uploads/data/TidalFG_Holdings_SPUS.csv
SPUS,ROK,Rockwell Automation Inc,773903109,0.12,9325,4059452.25,2026-10-01,https://www.sp-funds.com/wp-content/uploads/data/TidalFG_Holdings_SPUS.csv
SPUS,ROL,Rollins Inc,775711104,0.02,24276,731193.12,2026-10-01,https://www.sp-funds.com/wp-content/uploads/data/TidalFG_Holdings_SPUS.csv
SPUS,ROP,Roper Technologies Inc,776696106,0.10,9078,3171943.98,2026-10-01,https://www.sp-funds.com/wp-content/uploads/data/TidalFG_Holdings_SPUS.csv
SPUS,ROST,Ross Stores Inc,778296103,0.20,27546,6429236.4,2026-10-01,https://www.sp-funds.com/wp-content/uploads/data/TidalFG_Holdings_SPUS.csv
SPUS,RSG,Republic Services Inc,760759100,0.11,16648,3493915.76,2026-10-01,https://www.sp-funds.com/wp-content/uploads/data/TidalFG_Holdings_SPUS.csv
SPUS,RVTY,Revvity Inc,714046109,0.04,9579,1464533.31,2026-10-01,https://www.sp-funds.com/wp-content/uploads/data/TidalFG_Holdings_SPUS.csv
SPUS,SHW,Sherwin-Williams Co/The,824348106,0.20,19886,6428547.22,2026-10-01,https://www.sp-funds.com/wp-content/uploads/data/TidalFG_Holdings_SPUS.csv
SPUS,SLB,SLB Ltd,806857108,0.19,128848,6277474.56,2026-10-01,https://www.sp-funds.com/wp-content/uploads/data/TidalFG_Holdings_SPUS.csv
SPUS,SNDK,Sandisk Corp,80004C200,0.65,12220,21261455.8,2026-10-01,https://www.sp-funds.com/wp-content/uploads/data/TidalFG_Holdings_SPUS.csv
SPUS,SNPS,Synopsys Inc,871607107,0.21,15733,6842911.02,2026-10-01,https://www.sp-funds.com/wp-content/uploads/data/TidalFG_Holdings_SPUS.csv
SPUS,STE,STERIS PLC,G8473T100,0.05,7696,1616236.96,2026-10-01,https://www.sp-funds.com/wp-content/uploads/data/TidalFG_Holdings_SPUS.csv
SPUS,STLD,Steel Dynamics Inc,858119100,0.08,11531,2555384.91,2026-10-01,https://www.sp-funds.com/wp-content/uploads/data/TidalFG_Holdings_SPUS.csv
SPUS,STX,Seagate Technology Holdings PLC,G7997R103,0.52,18481,17045765.54,2026-10-01,https://www.sp-funds.com/wp-content/uploads/data/TidalFG_Holdings_SPUS.csv
SPUS,SWKS,Skyworks Solutions Inc,83088M102,0.03,12145,1038154.6,2026-10-01,https://www.sp-funds.com/wp-content/uploads/data/TidalFG_Holdings_SPUS.csv
SPUS,SYK,Stryker Corp,863667101,0.25,29252,8055708.28,2026-10-01,https://www.sp-funds.com/wp-content/uploads/data/TidalFG_Holdings_SPUS.csv
SPUS,TECH,Bio-Techne Corp,09073M104,0.03,13403,971315.41,2026-10-01,https://www.sp-funds.com/wp-content/uploads/data/TidalFG_Holdings_SPUS.csv
SPUS,TEL,TE Connectivity PLC,G87052109,0.16,25019,5281010.52,2026-10-01,https://www.sp-funds.com/wp-content/uploads/data/TidalFG_Holdings_SPUS.csv
SPUS,TER,Teradyne Inc,880770102,0.17,13576,5442754.16,2026-10-01,https://www.sp-funds.com/wp-content/uploads/data/TidalFG_Holdings_SPUS.csv
SPUS,TGT,Target Corp,87612E106,0.18,38472,6028177.68,2026-10-01,https://www.sp-funds.com/wp-content/uploads/data/TidalFG_Holdings_SPUS.csv
SPUS,TJX,TJX Cos Inc/The,872540109,0.37,92657,12259447.67,2026-10-01,https://www.sp-funds.com/wp-content/uploads/data/TidalFG_Holdings_SPUS.csv
SPUS,TMO,Thermo Fisher Scientific Inc,883556102,0.64,31127,21012281.35,2026-10-01,https://www.sp-funds.com/wp-content/uploads/data/TidalFG_Holdings_SPUS.csv
SPUS,TPL,Texas Pacific Land Corp,88262P102,0.05,4807,1566264.81,2026-10-01,https://www.sp-funds.com/wp-content/uploads/data/TidalFG_Holdings_SPUS.csv
SPUS,TPR,Tapestry Inc,876030107,0.06,17807,2048517.28,2026-10-01,https://www.sp-funds.com/wp-content/uploads/data/TidalFG_Holdings_SPUS.csv
SPUS,TRMB,Trimble Inc,896239100,0.04,20267,1157448.37,2026-10-01,https://www.sp-funds.com/wp-content/uploads/data/TidalFG_Holdings_SPUS.csv
SPUS,TSCO,Tractor Supply Co,892356106,0.04,45052,1409677.08,2026-10-01,https://www.sp-funds.com/wp-content/uploads/data/TidalFG_Holdings_SPUS.csv
SPUS,TSLA,Tesla Inc,88160R101,2.56,236803,84020072.43,2026-10-01,https://www.sp-funds.com/wp-content/uploads/data/TidalFG_Holdings_SPUS.csv
SPUS,TT,Trane Technologies PLC,G8994E103,0.26,18552,8385132.96,2026-10-01,https://www.sp-funds.com/wp-content/uploads/data/TidalFG_Holdings_SPUS.csv
SPUS,TXN,Texas Instruments Inc,882508104,0.65,75881,21253509.29,2026-10-01,https://www.sp-funds.com/wp-content/uploads/data/TidalFG_Holdings_SPUS.csv
SPUS,TYL,Tyler Technologies Inc,902252105,0.03,3092,985111.2,2026-10-01,https://www.sp-funds.com/wp-content/uploads/data/TidalFG_Holdings_SPUS.csv
SPUS,UBER,Uber Technologies Inc,90353T100,0.35,169955,11643617.05,2026-10-01,https://www.sp-funds.com/wp-content/uploads/data/TidalFG_Holdings_SPUS.csv
SPUS,ULTA,ULTA BEAUTY INC,90384S303,0.06,3360,1835131.2,2026-10-01,https://www.sp-funds.com/wp-content/uploads/data/TidalFG_Holdings_SPUS.csv
SPUS,UNP,Union Pacific Corp,907818108,0.41,49692,13522683.96,2026-10-01,https://www.sp-funds.com/wp-content/uploads/data/TidalFG_Holdings_SPUS.csv
SPUS,UPS,United Parcel Service Inc,911312106,0.18,62664,5855324.16,2026-10-01,https://www.sp-funds.com/wp-content/uploads/data/TidalFG_Holdings_SPUS.csv
SPUS,URI,United Rentals Inc,911363109,0.16,5135,5139005.3,2026-10-01,https://www.sp-funds.com/wp-content/uploads/data/TidalFG_Holdings_SPUS.csv
SPUS,VLTO,Veralto Corp,92338C103,0.06,20740,1956196.8,2026-10-01,https://www.sp-funds.com/wp-content/uploads/data/TidalFG_Holdings_SPUS.csv
SPUS,VMC,Vulcan Materials Co,929160109,0.08,11239,2749396.57,2026-10-01,https://www.sp-funds.com/wp-content/uploads/data/TidalFG_Holdings_SPUS.csv
SPUS,VRSN,VeriSign Inc,92343E102,0.06,6814,1921616.14,2026-10-01,https://www.sp-funds.com/wp-content/uploads/data/TidalFG_Holdings_SPUS.csv
SPUS,VRT,Vertiv Holdings Co,92537N108,0.24,32390,7816030.9,2026-10-01,https://www.sp-funds.com/wp-content/uploads/data/TidalFG_Holdings_SPUS.csv
SPUS,VRTX,Vertex Pharmaceuticals Inc,92532F100,0.34,21364,11169312.84,2026-10-01,https://www.sp-funds.com/wp-content/uploads/data/TidalFG_Holdings_SPUS.csv
SPUS,WAB,Westinghouse Air Brake Technologies Corp,929740108,0.12,14117,4054120.06,2026-10-01,https://www.sp-funds.com/wp-content/uploads/data/TidalFG_Holdings_SPUS.csv
SPUS,WAT,Waters Corp,941848103,0.11,7868,3457120.52,2026-10-01,https://www.sp-funds.com/wp-content/uploads/data/TidalFG_Holdings_SPUS.csv
SPUS,WDAY,Workday Inc,98138H101,0.11,18245,3474942.7,2026-10-01,https://www.sp-funds.com/wp-content/uploads/data/TidalFG_Holdings_SPUS.csv
SPUS,WELL,Welltower Inc,95040Q104,0.41,58783,13534197.92,2026-10-01,https://www.sp-funds.com/wp-content/uploads/data/TidalFG_Holdings_SPUS.csv
SPUS,WM,Waste Management Inc,94106L109,0.19,31296,6381880.32,2026-10-01,https://www.sp-funds.com/wp-content/uploads/data/TidalFG_Holdings_SPUS.csv
SPUS,WSM,Williams-Sonoma Inc,969904101,0.07,9843,2243613.42,2026-10-01,https://www.sp-funds.com/wp-content/uploads/data/TidalFG_Holdings_SPUS.csv
SPUS,WST,West Pharmaceutical Services Inc,955306105,0.06,5440,2016934.4,2026-10-01,https://www.sp-funds.com/wp-content/uploads/data/TidalFG_Holdings_SPUS.csv
SPUS,WY,Weyerhaeuser Co,962166104,0.04,62256,1185976.8,2026-10-01,https://www.sp-funds.com/wp-content/uploads/data/TidalFG_Holdings_SPUS.csv
SPUS,XOM,ExxonMobil Holdings Corp,30233Q108,1.71,345856,56288064.0,2026-10-01,https://www.sp-funds.com/wp-content/uploads/data/TidalFG_Holdings_SPUS.csv
SPUS,XYL,Xylem Inc/NY,98419M100,0.06,20507,2076743.89,2026-10-01,https://www.sp-funds.com/wp-content/uploads/data/TidalFG_Holdings_SPUS.csv
SPUS,ZBRA,Zebra Technologies Corp,989207105,0.04,3459,1291279.29,2026-10-01,https://www.sp-funds.com/wp-content/uploads/data/TidalFG_Holdings_SPUS.csv
